"CGC_HOSP","RAZAO","UF_ZI","CMPT"
"00000618000151","HOSPITAL DA REABILITACAO DO ABC SC LTDA","35","201012"
"00033940000187","ORGANIZACAO SOCIAL JOAO MARCHESI","35","201904"
"00683640000143","INSTITUTO DE OLHOS DE MARILIA LDTA","35","201905"
"00698882000100","ASSOCIACAO INSTITUTO CHUI DE PSIQUIATRIA","35","201502"
"00797397000194","GRUPO EM DEFESA DA CRIANCA COM CANCER GRENDACC","35","201905"
"01146603000169","GACC GRUPO DE ASSISTENCIA A CRIANCA COM CANCER","35","201905"
"01613433006892","SAO FRANCISCO SISTEMAS DE SAUDE SOCIEDADE EMPRESARIA LIMITAD","35","201812"
"02290842000150","HOSPITAL ITATIBA LTDA","35","201905"
"02411710000130","IRMANDADE BENEFICIENTE SAO JOSE","35","201905"
"02500002000256","FUNDACAO UNI","35","201302"
"02506535000164","PIZARRO HOSPITAL DO OLHO LTDA EPP","35","201812"
"02601752000133","HOSPITAL E MATERNIDADE SAO CAMILO LTDA","35","201211"
"02787634000161","ASSOCIACAO BENEFICENTE DE ITABERA","35","201411"
"02927389000140","ASSOCIACAO CASA DE SAUDE BENEFICENTE DE INDIAPORA","35","201905"
"03456304000156","INST CEMA DE OFTALMOLOGIA E OTORRINOLARINGOLOGIA","35","201905"
"03780001000194","ZANTUT MEDICOS ASSOCIADOS LTDA ME","35","201905"
"04291010000184","EXCIMER LASER VALE DO PARAIBA LTDA","35","201903"
"04295265000115","ASAMAS ASSOCIACAO SANTA MARIA DE SAUDE","35","201312"
"04995603000121","PREFEITURA DO MUNICIPIO DE SAO PAULO","35","201302"
"04995603000202","PREFEITURA DO MUNICIPIO DE SAO PAULO","35","201204"
"05095474000188","INSTITUTO SUEL ABUJAMRA","35","201905"
"05099467000154","CENTRO DE OFTALMOLOGIA TADEU CVINTAL","35","201801"
"05245390000183","ASSOCIACAO BENEFICENTE DE ASSISTENCIA SOCIAL N SRA DO PARI","35","201905"
"05251710000108","CENTRO DE ESTUDO DO HOSPITAL MONUMENTO","35","201905"
"05616268000176","UNIDADE DE RETAGUARDA HOSPITALAR FRANCISCO DE ASSIS","35","201810"
"05664948000165","ASSOCIACAO DOS AMIGOS DO CHARCOT AAC","35","200808"
"05762456000102","KAISER SERVICOS MEDICOS LTDA","35","201904"
"06352252000166","INSTITUTO DE REABILITACAO E PREVENCAO EM SAUDE INDAIA","35","201905"
"06950310000153","ASSOCIACAO BENEFICENTE EBENEZER","35","201905"
"06950310000404","ASSOCIACAO BENEFICENTE EBENEZER","35","201806"
"06950310000668","ASSOCIACAO BENEFICENTE EBENEZER","35","201809"
"06950310000749","ASSOCIACAO BENEFICENTE EBENEZER","35","201901"
"07229374000122","INSTITUTO CORPORE PARA O DESENVOLVIMENTO DA QUALIDADE DE VID","35","201603"
"07640681000100","CONSORCIO INTERMUNICIPAL NA AREA DE SAUDE CONSAUDE PEDREIRA","35","201310"
"07956704000181","HOSPITAL E MATERNIDADE REGIONAL DE REGENTE FEIJO","35","201905"
"08933601000169","ASSISTENCIA VICENTINA IMACULADA CONCEICAO","35","201903"
"09161265000146","FUNDACAO DE APOIO A FACULDADE DE MEDICINA DE MARILIA E AO HO","35","201905"
"09528436000122","ASSOCIACAO BENEFICENTE HOSPITAL UNIVERSITARIO","35","201905"
"10666439000101","CENTRO OFTALMOLOGICO DE REFERENCIA LTDA","35","201308"
"11293929000172","ASSOCIACAO HOSPITALAR DE OUROESTE","35","201606"
"11737272000195","PREFEITURA MUNICIPAL DE FRANCO DA ROCHA","35","201410"
"12474705000120","HOSPITAL DAS CLINICAS DA FACULDADE DE MEDICINA DE BOTUCATU","35","201811"
"13370183000189","FUNDACAO HOSPITAL SANTA LYDIA","35","201905"
"14986862000140","FUNDACAO MUNICIPAL IRENE SIQUEIRA ALVES VOVO MOCINHA A MATE","35","201905"
"15126437000143","EMPRESA BRASILEIRA DE SERVICOS HOSPITALARES EBSERH","35","201710"
"15126437002278","EMPRESA BRASILEIRA DE SERVICOS HOSPITALARES EBSERH","35","201905"
"17249300000101","HOSPITAL SANTA MARIA LTDA","35","201412"
"19952832000136","HOL SERVICOS MEDICOS OFTALMOLOGICOS SS","35","201905"
"21371777000132","HOSPITAL BANDEIRANTES S A","35","201905"
"24232886005711","PRO SAUDE ASSOC BENEF DE ASSIST SOCIAL E HOSPITALAR","35","201208"
"24232886007684","PRO SAUDE ASSOC BEN DE ASSIST SOCIAL E HOSPITALAR","35","201401"
"33495870001614","CASA DE NOSSA SENHORA DA PAZACAO SOCIAL FRANCISCANA","35","201304"
"33726472000770","SOC DE ASSISTENCIA E CULTURA SAGRADO CORACAO DE JESUS","35","201905"
"33796681000103","ORDEM HOSPITALEIRA DE SAO JOAO DE DEUS","35","200807"
"33796681000367","ASSOCIACAO HOSPITALEIRA DE ASSISTENCIA SOCIAL","35","201611"
"43002005000166","IRMANDADE DA SANTA CASA DE MISERICORDIA DE ADAMANTINA","35","201905"
"43007814000160","CLINICA DE REPOUSO NOSSO LAR","35","201905"
"43090083000160","IRMANDADE DA SANTA CASA DE MISERICORDIA DE AGUAI","35","201304"
"43138320000115","ASSOCIACAO DO HOSPITAL DE AGUDOS","35","201905"
"43252758000120","ASSOCIACAO AMERICANENSE DE SAUDE","35","201905"
"43266220000174","SEARA SERVICO ESPIRITA DE ASSISTENCIA E RECUPERACAO DE AMERI","35","201905"
"43464031000106","SANATORIO ISMAEL","35","201905"
"43464031000459","SANATORIO ISMAEL","35","201305"
"43464197000122","SANTA CASA ANNA CINTRA","35","201905"
"43464882000159","BENEFICENCIA PORTUGUESA DE AMPARO","35","201905"
"43535210000197","IRMANDADE DA SANTA CASA DE ANDRADINA","35","201905"
"43600261000155","IRMANDADE DA SANTA CASA DE ANGATUBA","35","201905"
"43667179000148","SANTA CASA DE MISERICORDIA DE APARECIDA","35","201905"
"43723907000191","ASSOCIACAO BENEFICENTE DE APIAI","35","201905"
"43751502000167","SANTA CASA DE MISERICORDIA DE ARACATUBA","35","201905"
"43762442000188","ASSOCIACAO DAS SENHORAS CRISTAS","35","201511"
"43964931000112","IRMANDADE DA SANTA CASA DE MISERICORDIA DE ARARAQUARA","35","201905"
"43974666000153","SANTA CASA DE MISERICORDIA SAO VICENTE DE PAULO","35","201905"
"43987668000187","ASSOCIACAO BENEFICENTE JESUS JOSE E MARIA","35","201905"
"44214203000156","CLINICA ANTONIO LUIZ SAYAO ACOMPANHAMENTO PSIQUIATRICO","35","201905"
"44215341000150","IRMANDADE DA SANTA CASA DE MISERICORDIA DE ARARAS","35","201905"
"44353571000185","CENTRO PSIQUIATRICO SAO BERNARDO DO CAMPO SC LTDA","35","200803"
"44364826000105","SANTA CASA DE MISERICORDIA DE ASSIS","35","201905"
"44393916000124","FUNDACAO MUNICIPAL DA SAUDE DE SAO CAETANO DO SUL","35","201111"
"44425239000189","SANTA CASA DE MISERICORDIA DOUTOR OSWALDO SIQUEIRA LYRA","35","201905"
"44435451000127","SANTA CASA DE MISERICORDIA SAO FRANCISCO BURITAMA","35","201905"
"44441079000161","ASSOCIACAO HOSPITALAR DE CLEMENTINA","35","201905"
"44456036000311","UNIMED DE BAURU COOPERATIVA DE TRABALHO MEDICO","35","201204"
"44474898002078","ASSOCIACAO DE ENSINO DE MARILIA","35","201001"
"44510485000139","IRMANDADE DE MISERICORDIA DE ATIBAIA","35","201905"
"44563716000172","HOSPITAL DA SANTA CASA JESUS MARIA JOSE","35","201607"
"44563716000253","INSTITUTO NACIONAL DE PESQUISA E GESTAO EM SAUDE","35","201905"
"44570711000177","CLINICA DE REPOUSO DOM BOSCO LTDA","35","201710"
"44584019000106","SANTA CASA DE MISERICORDIA DE AVARE","35","201905"
"44653392000163","MEDICAL LTDA SERVICO MEDHOSP E AMBULATORIAL","35","201008"
"44690238000161","IRMANDADE DA SANTA CASA DE MISERICORDIA DE BARIRI","35","201905"
"44720845000127","IRMANDADE DO HOSPITAL DE CARIDADE PADRE NICANOR MERINO","35","201905"
"44745024000145","ASSOCIACAO DO HOSPITAL E MATERNIDADE SAO JOSE BARRA BONITA","35","201904"
"44782779000110","SANTA CASA DE MISERICORDIA DE BARRETOS","35","201905"
"44852267000182","HOSPITAL E SANTA CASA DE MISERICORDIA DE ALVARES MACHADO","35","201905"
"44860740000254","ASSOCIACAO PRUDENTINA DE EDUCACAO E CULTURA APEC","35","200902"
"44868644000171","ASSOCIACAO ASSISTENCIAL ADOLPHO BEZERRA DE MENEZES","35","201905"
"44880110000160","SANTA CASA E MATERNIDADE DE PANORAMA","35","201812"
"44930931000164","ASSOCIACAO BENEFICENTE DE BASTOS","35","201905"
"44932846000135","IRMANDADE DA SANTA CASA DE MISERICORDIA DE PRES EPITACIO","35","201905"
"44945962000199","SANTA CASA DE MISERICORDIA ASILO DOS POBRES DE BATATAIS","35","201905"
"45077492000151","IRMANDADE HOSP SAO JOSE STA CASA DE MISERICORDIA S VICENTE","35","201703"
"45129202000176","IRMANDADE DA SANTA CASA DE MIS DE APARECIDA D OESTE","35","201905"
"45145208000137","IRMANDADE DA SANTA CASA DE MISERICORDIA NEVES PAULISTA","35","201905"
"45176153000122","UNIVERSIDADE DE TAUBATE","35","201303"
"45186053000187","IRMANDADE DA SANTA CASA DE MISERICORDIA DE SAO JOSE CAMPOS","35","201905"
"45271137000119","HOSPITAL PSIQUIATRICO ESPIRITA CAIRBAR SCHUTEL","35","201905"
"45281144000282","PREFEITURA MUNICIPAL DE ITAPIRA","35","201905"
"45284353000107","CASA TRANSITORIA ANDRE LUIZ","35","201905"
"45318508000170","SANTA CASA DE MISERICORDIA DE PEDREGULHO","35","201905"
"45331303000125","SANTA CASA DE GUARA","35","201904"
"45349461000102","ASSOCIACAO HOSPITALAR BENEFICENTE DO BRASIL","35","201905"
"45349461000889","ASSOCIACAO HOSPITALAR BENEFICENTE DO BRASIL","35","201706"
"45349461000960","ASSOCIACAO HOSPITALAR BENEFICENTE DO BRASIL","35","201905"
"45383106000150","IRMANDADE DA SANTA CASA DE MISERICORDIA DE BIRIGUI","35","201905"
"45399961000230","UNIMED DE SOROCABA COOPERATIVA DE TRABALHO MEDICO","35","201905"
"45403631000190","MENTAL MEDICINA ESPECIALIZADA SC LTDA","35","201407"
"45437175000107","SANTA CASA DE MISERICORDIA DE TAQUARITUBA","35","201905"
"45462694000117","SANTA CASA DE MISERICORDIA DE BOCAINA","35","201905"
"45474863000139","HOSPITAL PSIQUIATRICO VALE DAS HORTENCIAS SC LTDA","35","201811"
"45484383000159","FUNDACAO LUIZ JOAO LABRONICE","35","201905"
"45615309000124","IRM SR BJP STA CASA MISERIC BRAGANCA PTA","35","201905"
"45708765000119","IRMANDADE DA SANTA CASA DE MISERICORDIA DE IPUA","35","201903"
"45721180000139","SANTA CASA DE MISERICORDIA DE CABREUVA","35","201905"
"45724077000142","BENEFICENCIA HOSPITALAR DE MAIRINQUE","35","200908"
"45775608000126","HOSPITAL SANTA THEREZINHA","35","201905"
"45781184000374","PREFEITURA MUNICIPAL DE NOVA ODESSA","35","201905"
"45889623000103","ASSOC BENEF SAO JOSE E SANTA CASA DE MISERICORDIA SAO JOSE","35","201905"
"45915675000107","IRMANDADE SANTA CASA DE MISERICORDIA DE CACONDE","35","201905"
"45923687000175","IRMANDADE DA SANTA CASA DE MISERICORDIA DE CAFELANDIA","35","201905"
"45931359000110","IRMANDADE DA SANTA CASA DE MISERICORDIA DE ITAI","35","201901"
"45968716000115","CASA DE CARIDADE SAO VICENTE DE PAULO","35","201905"
"46020301000269","SOCIEDADE CAMPINEIRA DE EDUCACAO E INSTRUCAO","35","201905"
"46030318000116","REAL SOCIEDADE PORTUGUESA DE BENEFICENCIA","35","201905"
"46036018000144","CASA DE SAUDE CAMPINAS","35","201509"
"46043980000100","MATERNIDADE DE CAMPINAS","35","201905"
"46044368000152","SERVICO DE SAUDE DR CANDIDO FERREIRA","35","201707"
"46045290000190","IRMANDADE DE MISERICORDIA DE CAMPINAS","35","201905"
"46056487000125","IRMANDADE DA SANTA CASA DE MISERICORDIA DE VALINHOS","35","201905"
"46064283000136","FUNDACAO DR JOAO PENIDO BURNIER","35","201905"
"46230439000101","FUNDACAO PARA O DESENVOLVIMENTO MEDICO E HOSPITALAR","35","201905"
"46319000002012","PREFEITURA MUNICIPAL DE GUARULHOS","35","201905"
"46319000002365","PREFEITURA MUNICIPAL DE GUARULHOS","35","201905"
"46374500000518","SECRETARIA DE ESTADO DA SAUDE DE SAO PAULO","35","201902"
"46374500000860","SECRETARIA DE ESTADO DA SAUDE DE SAO PAULO","35","201905"
"46374500001085","SECRETARIA DE ESTADO DA SAUDE DE SAO PAULO","35","201905"
"46374500001247","SECRETARIA DE ESTADO DA SAUDE DE SAO PAULO","35","201905"
"46374500001328","SECRETARIA DE ESTADO DA SAUDE DE SAO PAULO","35","201905"
"46374500001409","SECRETARIA DE ESTADO DA SAUDE DE SAO PAULO","35","201905"
"46374500001670","SECRETARIA DE ESTADO DA SAUDE DE SAO PAULO","35","201905"
"46374500001751","SECRETARIA DE ESTADO DA SAUDE DE SAO PAULO","35","201905"
"46374500001832","SECRETARIA DE ESTADO DA SAUDE DE SAO PAULO","35","201905"
"46374500002057","SECRETARIA DE ESTADO DA SAUDE DE SAO PAULO","35","201902"
"46374500002219","SECRETARIA DE ESTADO DA SAUDE DE SAO PAULO","35","201603"
"46374500002308","SECRETARIA DE ESTADO DA SAUDE DE SAO PAULO","35","201905"
"46374500004939","SECRETARIA DE ESTADO DA SAUDE DE SAO PAULO","35","201905"
"46374500005072","SECRETARIA DE ESTADO DA SAUDE DE SAO PAULO","35","201905"
"46374500005153","SECRETARIA DE ESTADO DA SAUDE","35","201905"
"46374500005234","SECRETARIA DE ESTADO DA SAUDE DE SAO PAULO","35","201905"
"46374500005315","SECRETARIA DE ESTADO DA SAUDE DE SAO PAULO","35","201905"
"46374500005404","SECRETARIA DE ESTADO DA SAUDE DE SAO PAULO","35","201905"
"46374500005668","SECRETARIA DE ESTADO DA SAUDE DE SAO PAULO","35","201504"
"46374500008845","SECRETARIA DE ESTADO DA SAUDE DE SAO PAULO","35","201905"
"46374500008926","SECRETARIA DE ESTADO DA SAUDE DE SAO PAULO","35","201905"
"46374500010823","SECRETARIA DE ESTADO DA SAUDE DE SAO PAULO","35","201905"
"46374500010904","SECRETARIA DE ESTADO DA SAUDE DE SAO PAULO","35","201905"
"46374500011048","SECRETARIA DE ESTADO DA SAUDE DE SAO PAULO","35","201905"
"46374500011129","SECRETARIA DE ESTADO DA SAUDE DE SAO PAULO","35","201905"
"46374500011200","SECRETARIA DE ESTADO DA SAUDE DE SAO PAULO","35","201905"
"46374500011390","SECRETARIA DE ESTADO DA SAUDE DE SAO PAULO","35","201905"
"46374500011471","SECRETARIA DE ESTADO DA SAUDE DE SAO PAULO","35","201905"
"46374500011552","SECRETARIA DE ESTADO DA SAUDE DE SAO PAULO","35","201905"
"46374500011633","SECRETARIA DE ESTADO DA SAUDE DE SAO PAULO","35","201905"
"46374500011714","SECRETARIA DE ESTADO DA SAUDE DE SAO PAULO","35","201905"
"46374500011803","SECRETARIA DE ESTADO DA SAUDE DE SAO PAULO","35","201905"
"46374500012109","SECRETARIA DE ESTADO DA SAUDE DE SAO PAULO","35","201905"
"46374500012281","SECRETARIA DE ESTADO DA SAUDE DE SAO PAULO","35","201905"
"46374500012362","SECRETARIA DE ESTADO DA SAUDE DE SAO PAULO","35","201905"
"46374500012443","SECRETARIA DE ESTADO DA SAUDE DE SAO PAULO","35","201905"
"46374500012524","SECRETARIA DE ESTADO DA SAUDE DE SAO PAULO","35","201905"
"46374500012605","SECRETARIA DE ESTADO DA SAUDE DE SAO PAULO","35","201905"
"46374500012877","SECRETARIA DE ESTADO DA SAUDE DE SAO PAULO","35","201905"
"46374500012958","SECRETARIA DE ESTADO DA SAUDE DE SAO PAULO","35","201905"
"46374500013091","SECRETARIA DE ESTADO DA SAUDE DE SAO PAULO","35","201905"
"46374500013172","SECRETARIA DE ESTADO DA SAUDE DE SAO PAULO","35","201905"
"46374500013253","SECRETARIA DE ESTADO DA SAUDE DE SAO PAULO","35","201905"
"46374500013334","SECRETARIA DE ESTADO DA SAUDE DE SAO PAULO","35","201905"
"46374500013415","SECRETARIA DE ESTADO DA SAUDE DE SAO PAULO","35","201905"
"46374500013504","SECRETARIA DE ESTADO DA SAUDE DE SAO PAULO","35","201905"
"46374500013687","SECRETARIA DE ESTADO DA SAUDE DE SAO PAULO","35","201905"
"46374500013768","SECRETARIA DE ESTADO DA SAUDE DE SAO PAULO","35","201905"
"46374500013849","SECRETARIA DE ESTADO DA SAUDE DE SAO PAULO","35","201905"
"46374500013920","SECRETARIA DE ESTADO DA SAUDE DE SAO PAULO","35","201905"
"46374500014063","SECRETARIA DE ESTADO DA SAUDE DE SAO PAULO","35","201905"
"46374500014144","SECRETARIA DE ESTADO DA SAUDE DE SAO PAULO","35","201905"
"46374500014225","SECRETARIA DE ESTADO DA SAUDE DE SAO PAULO","35","201905"
"46374500014497","SECRETARIA DE ESTADO DA SAUDE DE SAO PAULO","35","201905"
"46374500014578","SECRETARIA DE ESTADO DA SAUDE DE SAO PAULO","35","201905"
"46374500014730","SECRETARIA DE ESTADO DA SAUDE DE SAO PAULO","35","201905"
"46374500014810","SECRETARIA DE ESTADO DA SAUDE DE SAO PAULO","35","201905"
"46374500015116","SECRETARIA DE ESTADO DA SAUDE DE SAO PAULO","35","201905"
"46374500015388","SECRETARIA DE ESTADO DA SAUDE DE SAO PAULO","35","201905"
"46374500015540","SECRETARIA DE ESTADO DA SAUDE DE SAO PAULO","35","201006"
"46374500016007","SECRETARIA DE ESTADO DA SAUDE DE SAO PAULO","35","201905"
"46374500016198","SECRETARIA DE ESTADO DA SAUDE DE SAO PAULO","35","201905"
"46374500016350","SECRETARIA DE ESTADO DA SAUDE DE SAO PAULO","35","201905"
"46374500016430","SECRETARIA DE ESTADO DA SAUDE DE SAO PAULO","35","201905"
"46374500016511","SAO PAULO SECRETARIA DA SAUDE HOSPITAL REGIONAL DE COTIA","35","201905"
"46374500016600","SECRETARIA DE ESTADO DA SAUDE DE SAO PAULO","35","201905"
"46374500016783","SECRETARIA DE ESTADO DA SAUDE DE SAO PAULO","35","201905"
"46374500016864","SECRETARIA DE ESTADO DA SAUDE DE SAO PAULO","35","201905"
"46374500017089","SECRETARIA DE ESTADO DA SAUDE DE SAO PAULO","35","201905"
"46374500017836","SECRETARIA DE ESTADO DA SAUDE DE SAO PAULO","35","201905"
"46374500017917","SECRETARIA DE ESTADO DE SAUDE DE SAO PAULO","35","201905"
"46374500018131","SECRETARIA ESTADUAL DA SAUDE DE SAO PAULO","35","201905"
"46374500018999","SECRETARIA DE ESTADO DA SAUDE DE SAO PAULO","35","201905"
"46374500019103","SECRETARIA DE ESTADO DA SAUDE DE SAO PAULO","35","201905"
"46374500020039","SECRETARIA DE ESTADO DA SAUDE SAO PAULO","35","201905"
"46374500020110","SECRETARIA DE ESTADO DA SAUDE DE SAO PAULO","35","201905"
"46374500021191","SECRETARIA DE ESTADO DA SAUDE DE SAO PAULO","35","201905"
"46374500022163","SECRETARIA DE ESTADO DA SAUDE DE SAO PAULO","35","201905"
"46374500022244","SECRETARIA DE ESTADO DA SAUDE DE SAO PAULO","35","201905"
"46374500022325","SECRETARIA DE ESTADO DA SAUDE DE SAO PAULO","35","201905"
"46374500022597","SECRETARIA DE ESTADO DA SAUDE DE SAO PAULO","35","201905"
"46374500023569","SECRETARIA DE ESTADO DA SAUDE DE SAO PAULO","35","201905"
"46374500023992","SECRETARIA DE ESTADO DA SAUDE DE SAO PAULO","35","201905"
"46374500024026","SECRETARIA DE ESTADO DA SAUDE DE SAO PAULO","35","201905"
"46374500024107","SECRETARIA DE ESTADO DA SAUDE DE SAO PAULO","35","201905"
"46374500024298","SECRETARIA DE ESTADO DA SAUDE DE SAO PAULO","35","201905"
"46374500024700","SECRETARIA DE ESTADO DA SAUDE","35","201905"
"46374500024883","SECRETARIA DE ESTADO DA SAUDE DE SAO PAULO","35","201905"
"46374500025936","SECRETARIA DE ESTADO DA SAUDE DE SAO PAULO","35","201905"
"46374500026584","SECRETARIA DE ESTADO DA SAUDE DE SAO PAULO","35","201905"
"46374500027041","SECRETARIA DE ESTADO DA SAUDE","35","201905"
"46374500027122","SECRETARIA DE ESTADO DA SAUDE","35","201905"
"46374500027203","SECRETARIA DE ESTADO DA SAUDE","35","201905"
"46374500027394","SECRETARIA DE ESTADO DA SAUDE DE SAO PAULO","35","201905"
"46374500027475","SECRETARIA DE ESTADO DA SAUDE","35","201905"
"46374500028013","SECRETARIA DE ESTADO DA SAUDE DE SAO PAULO","35","201905"
"46392148000977","PREFEITURA DO MUNICIPIO DE SAO PAULO","35","201905"
"46392148001000","PREFEITURA DO MUNICIPIO DE SAO PAULO","35","201905"
"46392148001272","PREFEITURA DO MUNICIPIO DE SAO PAULO","35","201905"
"46392148001353","PREFEITURA DO MUNICIPIO DE SAO PAULO","35","201905"
"46392148001434","PREFEITURA DO MUNICIPIO DE SAO PAULO","35","201905"
"46392148001604","PREFEITURA DO MUNICIPIO DE SAO PAULO","35","201905"
"46392148001787","PREFEITURA DO MUNICIPIO DE SAO PAULO","35","201905"
"46392148002406","PREFEITURA DO MUNICIPIO DE SAO PAULO","35","201905"
"46392148002678","PREFEITURA DO MUNICIPIO DE SAO PAULO","35","201905"
"46392148002759","PREFEITURA DO MUNICIPIO DE SAO PAULO","35","201905"
"46392148002830","PREFEITURA DO MUNICIPIO DE SAO PAULO","35","201905"
"46392148002910","PREFEITURA DO MUNICIPIO DE SAO PAULO","35","201905"
"46392148003054","PREFEITURA DO MUNICIPIO DE SAO PAULO","35","201905"
"46392148003801","PREFEITURA DO MUNICIPIO DE SAO PAULO","35","201905"
"46392148004107","PREFEITURA DO MUNICIPIO DE SAO PAULO","35","201905"
"46392148005502","SECRETARIA MUNICIPAL DA SAUDE","35","201905"
"46392148005693","ISCMSP PREFEITURA DO MUNICIPIO DE SAO PAULO","35","201608"
"46392148005774","PREFEITURA DO MUNICIPIO DE SAO PAULO","35","201905"
"46439733000128","HOSPITAL GERAL DR FRANCISCO TOZZI STA C DE MISERICORDIA","35","201905"
"46466447000151","ASSOCIACAO FILANTROPICA DE TEODORO SAMPAIO","35","201905"
"46522959000198","FUNDACAO DO ABC FUABC","35","201308"
"46523015000801","PREFEITURA MUNICIPAL DE BARUERI","35","201905"
"46523114000389","PREFEITURA DE EMBU DAS ARTES","35","201905"
"46523171000287","PREFEITURA DO MUNICIPIO DE OSASCO","35","201905"
"46523171000368","PREFEITURA DO MUNICIPIO DE OSASCO","35","201905"
"46543781000161","SOCIEDADE ASSISTENCIAL BANDEIRANTES","35","201006"
"46543781000676","SOCIEDADE ASSISTENCIAL BANDEIRANTES","35","201511"
"46543781001052","SOCIEDADE ASSISTENCIAL BANDEIRANTES","35","201408"
"46610754000164","CASA DE SAUDE E MATERNIDADE NOSSA SENHORA APARECIDA LTDA","35","200811"
"46643466000297","PREFEITURA MUNICIPAL DE SAO JOSE DOS CAMPOS","35","201205"
"46643466000530","PREFEITURA MUNICIPAL DE SAO JOSE DOS CAMPOS","35","201905"
"46746319000161","FUNDACAO SAO PAULO APOSTOLO","35","201512"
"46750162000148","INSTITUTO DAS FILHAS DE NOSSA SENHORA DAS GRACAS","35","200901"
"46854998000192","PREFEITURA DO MUNICIPIO DE SAO PAULO","35","201905"
"46886149000110","ASSOCIACAO BENEF SANTA CASA DE MISERICORDIA DE CAPAO BONITO","35","201905"
"46925111000100","SANTA CASA DE MISERICORDIA DE CAPIVARI","35","201905"
"46959862000147","IRMANDADE DA SANTA CASA DE LOUVEIRA","35","201903"
"47018676000176","HOSPITAL MUNICIPAL DR MARIO GATTI","35","201905"
"47024005000118","SANTA CASA DE MISERICORDIA DE CASA BRANCA","35","201905"
"47055157000188","IRMANDADE DE MISERICORDIA E HOSPITAL TERRA ROXA","35","201905"
"47062112000130","HOSPITAL PSIQUIATRICO VALE DO RIO GRANDE LTDA","35","200810"
"47071501000122","HOSPITAL SAO DOMINGOS SA","35","201002"
"47074851000819","FUNDACAO PADRE ALBINO","35","201905"
"47074851000908","FUNDACAO PADRE ALBINO","35","201905"
"47078019000114","HOSPITAL PSIQUIATRICO ESP MAHATMA GANDHI","35","201905"
"47104443000439","CONGREGACAO DAS IRMANDADES FRANSICANA ALCANTARINAS","35","200903"
"47235130000177","SANTA CASA DE MISERICORDIA DE CERQUEIRA CESAR","35","201905"
"47266838000195","SOCIEDADE FILANTROPICA HOSPITAL JOSE VENANCIO","35","201905"
"47342399000152","HOSPITAL DA GRACA SC LTDA","35","201403"
"47368675000151","HOSPITAL BENEFICENTE SANTA GERTRUDES","35","201704"
"47404801000186","SOCIEDADE BENEFICENTE DE CRAVINHOS SANTA CASA","35","201905"
"47431697000119","SANTA CASA DE MISERICORDIA DE CRUZEIRO","35","201905"
"47531835000131","ASSOCIACAO BENEFICENTE NOSSA SENHORA DA CONCEICAO","35","201905"
"47544663000130","IRMANDADE DA SANTA CASA DE MISERICORDIA DE DESCALVADO","35","201905"
"47571039000122","IRMANDADE FILANTR HOSP BOM JESUS DA STA CASA MISER TREMEMBE","35","201305"
"47573589000180","IRMANDADE DA SANTA CASA DE MISERICORDIA DE DOIS CORREGOS","35","201905"
"47598818000111","ASSOCIACAO DA CRIANCA DE DOURADO CASA DE SAUDE","35","201009"
"47617584000102","IRMANDADE DA SANTA CASA DE MISERICORDIA E MATER DE DRACENA","35","201905"
"47644406000170","IRMANDADE DA SANTA CASA DE IPAUCU","35","201905"
"47708771000100","IRMANDADE SANTA CASA DE MISERICORDIA DE SAO BERNARDO CAMPO","35","201905"
"47717467000110","SANTA CASA DE MISERICORDIA DE DUARTINA","35","201904"
"47759428000186","IRMANDADE DA SANTA CASA JOSE BENIGO GOMES DE SUD MENUCCI","35","201903"
"47770102000150","IRMANDADE DA SANTA CASA MISERICORDIA DE ESTRELA D OESTE","35","201905"
"47795448000102","SANTA CASA DE MISERICORDIA DE FARTURA","35","201905"
"47820279000113","CLINICA PSIQUIATRICA SALTO DE PIRAPORA SC LTDA","35","201807"
"47844287000108","IRMANDADE DA SANTA CASA DE MISERICORDIA DE FERNANDOPOLIS","35","201905"
"47929187000176","IRMANDADE DA SANTA CASA DE MISERICORDIA DE FLORIDA PAULISTA","35","201905"
"47957667000140","FUNDACAO ESPIRITA ALLAN KARDEC","35","201905"
"47969134000189","FUNDACAO SANTA CASA DE MISERICORDIA DE FRANCA","35","201905"
"48031918001953","UNIVERSIDADE ESTADUAL PAULISTA","35","201312"
"48095202000190","CENTRO ONCOLOGICO MOGI DAS CRUZES LTDA","35","201204"
"48209233000125","IRMANDADE DA SANTA CASA DE MISERICORDIA DE GARCA","35","200911"
"48209233000206","IRMANDADE DA SANTA CASA DE MISERICORDIA DE GARCA","35","201801"
"48209233000397","IRMANDADE DA SANTA CASA DE MISERICORDIA DE GARCA","35","201811"
"48209704000103","ASSOCIACAO BENEFICENTE ESPIRITA DE GARCA","35","201905"
"48293468000148","IRMANDADE DA SANTA CASA DE MISERICORDIA GETULINA","35","201711"
"48321038000192","SANTA CASA DE MISERICORDIA DE IBIRA","35","201905"
"48341283000161","SANTA CASA DE MISERICORDIA DE GUAIRA","35","201905"
"48368989000117","ASSOCIACAO HOSPITAL BENEFICENTE DE MARACAI","35","201905"
"48420335000195","HOSPITAL E MATERNIDADE DE GUARACAI","35","201905"
"48433452000193","SANTA CASA DE MISERICORDIA NOSSA SENHORA DAS DORES","35","201905"
"48467054000198","SANTA CASA DE MISERICORDIA DE GUARARAPES","35","201905"
"48517932000132","SANTA CASA DE MISERICORDIA DE GUARAREMA","35","201905"
"48547806000120","IR SR DOS PASSOS E SANTA CASA MIS GUARATINGUETA","35","201905"
"48548184000155","GRUPO DA FRATERNIDADE IRMAO ALTINO","35","201905"
"48626493000104","IRMANDADE DE MISERICORDIA DE TAPIRATIBA","35","201905"
"48662167000144","IRMANDADE DA SANTA CASA DE MISERICORDIA DE GUARIBA","35","201905"
"48697338000170","ASSOCIACAO SANTAMARENSE DE BENEFICENCIA DO GUARUJA","35","201905"
"49017353000193","HOSPITAL SANTA CASA DE MISERICORDIA DE RIOLANDIA","35","201905"
"49021348000154","IRMANDADE DA SANTA CASA DE MISERICORDIA DE SANTA ADELIA","35","201905"
"49052533000106","CONGREGACAO DAS FILHAS DE N SENHORA STELA MARIS","35","201905"
"49150352000112","FUNDACAO PIO XII BARRETOS","35","201905"
"49150352000899","FUNDACAO PIO XII","35","201905"
"49223159000164","IRMANDADE DA SANTA CASA DE MISERICORDIA DE IACANGA","35","201905"
"49270671000161","SANTA CASA DE CARIDADE E MATERNIDADE DE IBITINGA","35","201905"
"49376858000144","SANTA CASA DE MISERICORDIA DE IGARAPAVA","35","201905"
"49544703000170","HOSPITAL PSIQUIATRICO SANTA CRUZ LTDA","35","201811"
"49572688000173","ASSOCIACAO DE AMPARO AO EXCEPCIONAL RITINHA PRATES","35","201905"
"49622327000194","IRMANDADE DE MISERICORDIA HOSPITAL SAO JOSE ITAJOBI","35","201905"
"49667108000121","HOSPITAL SANTA MONICA LTDA","35","201512"
"49675762000187","CARNEIRO CARNEIRO ASSUNCAO LTDA","35","200808"
"49797293000179","SANTA CASA DE MISERICORDIA DE ITAPEVA","35","201905"
"49911985000104","IRMANDADE DA SANTA CASA DE MISERICORDIA DE ITAPIRA","35","200801"
"49914773000172","FUNDACAO ESPIRITA AMERICO BAIRRAL","35","201905"
"49918949000164","CLINICA REPOUSO DE ITAPIRA LTDA","35","201603"
"49965973000154","SANTA CASA DE MACAUBAL","35","201904"
"49975600000164","HOSPITAL DE OLHOS REDENTORA LTDA","35","201905"
"49979230000133","ASSOC SANTA CASA MISERICORDIA E MATERNIDADE D JULIETA LYRA","35","201905"
"50046887000127","CENTRO INFANTIL DE INVESTIGACAO HEMAT DR DOMINGOS A BOLDRINI","35","201905"
"50055250000105","SANTA CASA DE MISERICORDIA DE ITARARE","35","201905"
"50059054000109","HOSPITAL E MATERNIDADE N S DAS GRACAS DE ITAPORANGA","35","201903"
"50101286000170","SOCIEDADE BRAS DE PESQ E ASSIS REABILITACAO C FACIAL","35","201905"
"50119585000131","SANTA CASA DE MISERICORDIA DE ITATIBA","35","201905"
"50157494000190","HOSPITAL SANTA TEREZINHA E MATERNIDADE ERCILIA PIERONI","35","201905"
"50304377000102","SANTA CASA DE MISERICORDIA DE ITUVERAVA","35","201812"
"50320605000219","SANTA CASA DE MISERICORDIA DE ILHABELA","35","201905"
"50351626000110","BENEFICENCIA HOSPITALAR DE CESARIO LANGE","35","201905"
"50385384000186","HOSPITAL SAO MARCOS SA","35","201905"
"50439553000113","IRMANDADE DA SANTA CASA DE MISERICORDIA DE QUELUZ","35","201706"
"50453703000143","FUSAM FUNDACAO DE SAUDE E ASSIST DO MUNIC DE CACAPAVA","35","201905"
"50460351000153","ASSOCIACAO CASA FONTE DA VIDA","35","201905"
"50471564000180","SANTA CASA DE MISERICORDIA DE JACAREI","35","201905"
"50565936000138","SANTA CASA DE MISERICORDIA DE JALES","35","201905"
"50570753000100","IRMANDADE DA SANTA CASA DE MIS DE PALMEIRA DOESTE","35","201905"
"50572395000175","IRMANDADE SANTA CASA MISERICORDIA DE SANTA FE DO SUL","35","201905"
"50644053000113","FUNDACAO ZERBINI","35","201905"
"50708882000112","HOSPITAL DE JARDINOPOLIS","35","200908"
"50730902000151","HOSPITAL SAO MARCOS","35","201905"
"50741701000150","SANTA CASA DE MISERICORDIA DE AREALVA","35","201905"
"50753631000150","IRMANDADE DE MISERICORDIA DE JAU","35","201905"
"50753755000135","FUNDACAO DR AMARAL CARVALHO","35","201905"
"50756600000152","ASSOCIACAO HOSPITALAR TEREZA PERLATTI DE JAU","35","201905"
"50790286000124","INSTITUTO EDUCACIONAL ASSISTENCIAL E SOCIAL DE ITAPETININGA","35","201002"
"50790286000396","INSTITUTO EDUCACIONAL ASSISTENCIAL E SOCIAL DE ITAPETININGA","35","201112"
"50795566000206","BANCO DE OLHOS DE SOROCABA","35","201905"
"50795566000478","BANCO DE OLHOS DE SOROCABA BOS SC","35","201009"
"50795566000559","BANCO DE OLHOS DE SOROCABA","35","200903"
"50795566001288","BANCO DE OLHOS DE SOROCABA","35","201901"
"50798453000183","SANTA CASA DE MISERICORDIA DE CERQUILHO","35","201905"
"50807833000137","ASSOCIACAO DA SANTA CASA DE MISERICORDIA DE SALTO DE PIRAPOR","35","201905"
"50819523000132","GRUPO DE PESQUISA E ASSISTENCIA AO CANCER INFANTIL","35","201905"
"50819580000111","ASSOCIACAO DA SANTA CASA DE MISERICORDIA DE PILAR DO SUL","35","201905"
"50832898000132","ASSOCIACAO DE CAR DA STA CASA DE MIS IMACULADA CONCEICAO","35","201905"
"50850353000159","SANTA CASA DE MISERICORDIA DE JOANOPOLIS","35","201905"
"50857960000140","SANTA CASA DE MISERICORDIA DE JOSE BONIFACIO","35","201905"
"50944198000130","HOSPITAL DE CARIDADE SAO VICENTE DE PAULO","35","201905"
"50951805000512","ASSOCIACAO EDUCADORA BENEFICENTE","35","201607"
"50958859000186","INSTITUTO JUNDIAIENSE LUIZ BRAILLE","35","201905"
"50984517000130","EMED SERVICOS MEDICOS E HOSPITALARES SC LTDA","35","201105"
"50985266000290","FACULDADE DE MEDICINA DE JUNDIAI","35","201905"
"51103562000100","SOCIEDADE BENEFICENTE DE CASTILHO","35","201905"
"51103778000167","IRMANDADE DA SANTA CASA DE MISERICORDIA DE MURUTINGA DO SUL","35","201212"
"51245165000245","PREFEITURA MUNICIPAL DE BARUERI","35","200802"
"51261998000119","IRMANDADE DA SANTA CASA DE MISERICORDIA DE SUZANO","35","201905"
"51261998000208","IRMANDADE DA SANTA CASA DE MISERICORDIA DE SUZANO","35","201303"
"51274850000119","IRMANDADE SANTA CASA DE MISERICORDIA DE JUNQUEIROPOLIS","35","201905"
"51332658000131","IRMANDADE DA SANTA CASA DE MISERICORDIA DE LARANJAL PTA","35","201905"
"51381903000109","IRMANDADE DA SANTA CASA DE MISERICORDIA DE LEME","35","201905"
"51394278000121","HOSPITAL SANTA MARIA DE PIRAPOZINHO SC LTDA","35","201311"
"51421279000118","HOSP MAT BENEF DE CHARQUEADA","35","201905"
"51425106000178","ASSOCIACAO BENEFICENTE HOSPITAL NOSSA SENHORA DA PIEDADE","35","201905"
"51455806000105","LAR ASSISTENCIAL SAO BENEDITO","35","201905"
"51469187000108","SOCIEDADE OPERARIA HUMANITARIA","35","201905"
"51473692000126","IRM STA CASA MIS DE LIMEIRA","35","201905"
"51504132000191","SANTA CASA DE MISERICORDIA DE TAGUAI","35","201904"
"51506467000149","IRMANDADE DA SANTA CASA DE MISERICORDIA DE IACRI","35","201611"
"51516649000109","CONSORCIO INTERMUNICIPAL DE SAUDE","35","200912"
"51612828000131","HOSPITAL MATERNIDADE FREI GALVAO","35","201905"
"51619906000200","CENTRO DE PREVENCAO E REABILITACAO DA DEFICIENCIA DA VISAO","35","201905"
"51660082000131","ASSOCIACAO HOSPITALAR SANTA CASA DE LINS","35","201905"
"51722957013160","AMICO SAUDE LTDA","35","201408"
"51779304000130","IRMANDADE DA SANTA CASA DE MISERICORDIA LORENA","35","201905"
"51804771000172","ASSOCIACAO BENEFICENTE DE PIRANGI","35","201905"
"51807535000100","ASSOCIACAO DE PROTECAO E ASSIST A MATERN E INF DE BORBOREMA","35","201905"
"51820785000180","CANTINHO DO CEU HOSPITAL DE RETAGUARDA","35","201905"
"51832640000107","IRMANDADE DA SANTA CASA DE MISERICORDIA DE LUCELIA","35","201905"
"51845782000109","IRMANDADE DA SANTA CASA DE MISERICORDIA DE URANIA","35","201905"
"51846871000161","HOSPITAL DO OLHO RIO PRETO LTDA","35","201401"
"51855534000130","HOSPITAL ASSISTENCIAL DE POTIRENDABA","35","201905"
"51889400000130","IRMANDADE DA SANTA CASA DE MACATUBA","35","201905"
"51979417000189","ASSOCIACAO BENEFICENTE NOSSA SENHORA DO DESTERRO","35","201905"
"52049244000162","IRMANDADE DA SANTA CASA DE MISERICORDIA DE MARILIA","35","201905"
"52050010000135","HOSPITAL ESPIRITA DE MARILIA","35","201905"
"52050911000127","ASSOCIACAO FEMININA DE MARILIA MATERNIDADE GOTA DE LEITE","35","201905"
"52268596000109","SANTA CASA DE MISERICORDIA PE JOAO SCHNEIDER MARTINOPOLIS","35","201903"
"52314861000148","SOCIEDADE MATONENSE DE BENEMERENCIA","35","201905"
"52343829000190","SANTA CASA DE MISERICORDIA DE MIGUELOPOLIS","35","201905"
"52356268000245","CONSORCIO DE DESENVOLVIMENTO REG DE GOV DE SJDA BOA VISTA","35","201905"
"52393204000133","IRMANDADE DA SANTA CASA DE MISERICORDIA DE NOVA EUROPA","35","201904"
"52505153000194","IRMANDADE DA SANTA CASA DE MISERICORDIA DE MOCOCA","35","201905"
"52543766000116","SANTA CASA DE MISERICORDIA DE MOGI DAS CRUZES","35","201905"
"52739950000136","IRMANDADE DA SANTA CASA DE MISERICORDIA DE MOGI GUACU","35","201905"
"52775392000164","IRMANDADE DA SANTA CASA DE MISERICORDIA DE MOGI MIRIM","35","201905"
"52780673000105","ASSOCIACAO ESPIRITA JESUS E CARIDADE","35","201506"
"52780673000377","ASSOCIACAO ESPIRITA JESUS E CARIDADE","35","201905"
"52803319000159","FUNDACAO OSWALDO RAMOS","35","201905"
"52852100000140","IRMANDADE DE MISERIC DO HOSPITAL DA SANTA CASA DE MONTE ALTO","35","201905"
"52879905000187","IRMANDADE STA CASA DE MISERICORDIA DE MONTE APRAZIVEL","35","201905"
"52941614000171","ASSOCIACAO DE BENEMERENCIA SENHOR BOM JESUS","35","201905"
"52941887000116","ASSOCIACAO DE PROTECAO A MATERNIDADE E A INFANCIA","35","201905"
"52973872000130","ASSOCIACAO HOSPITAL BENEFICENTE SAGRADO CORACAO DE JESUS","35","201905"
"53150298000182","IRMANDADE DA SANTA CASA DE MISERICORDIA DE NOVA GRANADA","35","201905"
"53174827000188","IRMANDADE SAO JOSE DE NOVO HORIZONTE","35","201905"
"53221255000221","ASSOCIACAO LAR SAO FRANCISCO DE ASSIS NA PROVIDENCIA DE DEUS","35","201905"
"53221255001201","ASSOCIACAO LAR SAO FRANCISCO DE ASSIS NA PROVIDENCIA DE DEUS","35","201905"
"53221255001546","ASSOCIACAO LAR SAO FRANCISCO DE ASSIS NA PROVIDENCIA DE DEUS","35","201905"
"53221255001970","ASSOC LAR SAO FRANCISCO DE ASSIS NA PROVIDENCIA DE DEUS","35","201905"
"53221255003409","ASSOCIACAO LAR SAO FRANCISCO DE ASSIS NA PROVIDENCIA DE DEUS","35","201905"
"53221255005100","ASSOCIACAO LAR SAO FRANCISCO DE ASSIS NA PROVIDENCIA DE DEUS","35","201905"
"53227229000120","SANTA CASA DE MISERICORDIA DE OLIMPIA","35","201905"
"53311999000156","HOSPITAL BENEFICENTE SANTO ANTONIO","35","201905"
"53338992000128","IRMANDADE DA SANTA CASA DE MISERICORDIA DE OSVALDO CRUZ","35","201905"
"53412144000111","ASSOCIACAO DA SANTA CASA DE MISERICORDIA DE OURINHOS","35","201905"
"53412144000200","ASSOCIACAO DA SANTA CASA DE MISERICORDIA DE OURINHOS","35","201606"
"53524534000183","SANTA CASA DE MISERICORDIA DE PACAEMBU","35","201905"
"53593398000183","SANTA CASA DE MISERICORDIA DE PALMITAL","35","201905"
"53636015000107","HOSPITAL E PRONTO SOCORRO COMUNITARIO VILA IOLANDA SC LTDA","35","200901"
"53638649000107","SANTA CASA DE MISERICORDIA DE PARAGUACU PAULISTA","35","201905"
"53691754000100","SANTA CASA DE MISERICORDIA DO DIVINO ESPIRITO SANTO","35","201501"
"53706362000169","IRMANDADE DA SANTA CASA DE MISERICORDIA DE PARAPUA","35","201905"
"53723870000155","SANTA CASA DE MISERICORDIA DE PATROCINIO PAULISTA","35","201905"
"53725560000170","FUNDACAO ADIB JATENE","35","201905"
"53782355000146","IRMANDADE DA SANTA CASA DE MISERICORDIA DE PAULO DE FARIA","35","201905"
"53816153000178","IRMANDADE DA SANTA CASA DE MISERICORDIA DE PEDERNEIRAS","35","201905"
"53894218000101","IRMANDADE DA SANTA CASA DE MISERICORDIA DE PENAPOLIS","35","201902"
"53966966000144","SANTA CASA DE MISERICORDIA DE PEREIRA BARRETO","35","201905"
"54022967000101","SANTA CASA DE MISERICORDIA DE PIEDADE","35","201905"
"54122213000115","SANTA CASA DE MISERICORDIA DE PINDAMONHANGABA","35","201905"
"54228366000222","ASSOCIACAO ESPIRITA VICENTE DE PAULO","35","201905"
"54228648000149","IRMANDADE DO HOSPITAL FRANCISCO ROSAS","35","201905"
"54232459000140","CLINICA DE REPOUSO SANTA ROSA LTDA SC","35","201905"
"54344833000107","IRMANDADE DA SANTA CASA DE MISERICORDIA SAO VICENTE DE PAULO","35","201905"
"54370630000187","IRMANDADE DA SANTA CASA DE MISERICORDIA DE PIRACICABA","35","201905"
"54384631000261","ASSOCIACAO DOS FORNECEDORES DE CANA DE PIRACICABA","35","201905"
"54667316000160","SOCIEDADE DE BENEFICENCIA DE PIRAJU","35","201905"
"54722822000105","SOCIEDADE BENEFICIENTE SAO FRANCISCO DE ASSIS DE TUPA","35","201712"
"54731377000140","IRMANDADE DA SANTA CASA DE MISERICORDIA DE PIRAJUI","35","201905"
"54848361000111","IRMANDADE DA SANTA CASA DE MISERICORDIA DE PIRASSUNUNGA","35","201905"
"54916309000155","SANTA CASA DE MISDERICORDIA DE PIRATININGA","35","201905"
"54931795000180","IRMANDADE DA SANTA CASA DE MISERICORDIA DE PITANGUEIRAS","35","201905"
"55065601000174","SANTA CASA DE POMPEIA","35","201905"
"55110753000141","IRMANDADE DA SANTA CASA DE MISERICORDIA DE PONTAL","35","201905"
"55141725000191","IRMANDADE DA SANTA CASA DE MISERICORDIA DE PORTO FELIZ","35","201905"
"55189930000127","IRMANDADE DE MISERICORDIA DE PORTO FERREIRA","35","201904"
"55250476000172","SOCIEDADE BENEFICENTE DE PRESIDENTE BERNARDES","35","201905"
"55344337000108","SANTA CASA DE MISERICORDIA DE PRESIDENTE PRUDENTE","35","201905"
"55348122000165","SANATORIO SAO JOAO LTDA","35","201512"
"55348866000341","ASSOCIACAO REGIONAL ESP DE ASSISTENCIA DA 25 REGIAO P PRUD","35","201612"
"55559900000165","IRMANDADE DA SANTA CASA DE PRESIDENTE VENCESLAU","35","201905"
"55686786000134","HOSPITAL E MATERNIDADE DE RANCHARIA","35","201905"
"55856710000100","ASSOC DE PROT E ASSIT A MATERNIDADE E A INFANCIA DE REGISTRO","35","201905"
"55939920000161","SANTA CASA DE MISERICORDIA DE RIBEIRAO BONITO","35","201905"
"55980882000190","HOSPITAL SAO FRANCISCO SOCIEDADE EMPRESARIA LIMITADA","35","201606"
"55983670000167","ASSOCIACAO DE ENSINO DE RIBEIRAO PRETO","35","201905"
"55989784000114","SOCIEDADE BENEF HOSPITALAR STA CASA DE MIS DE RIB PRETO","35","201905"
"55990451000105","SOCIEDADE PORTUGUESA DE BENEFICENCIA","35","201905"
"56000052000112","INSTITUTO SANTA LYDIA","35","201105"
"56014830000203","FUNDACAO MATERNIDADE SINHA JUNQUEIRA","35","200902"
"56350564000109","SOCIEDADE DE MISERICORDIA DE RINOPOLIS","35","201904"
"56363807000143","IRMANDADE DA STA CASA LEONOR MENDES DE BARROS DE CARDOSO","35","201905"
"56365356000183","ASSOCIACAO BENEFICENTE JULIA RUETE","35","201511"
"56384183000140","IRMANDADE DA SANTA CASA DE MISERICORDIA DE RIO CLARO","35","201905"
"56384225000143","CASA DE SAUDE E MATERNIDADE SANTA FILOMENA S A","35","201905"
"56390123000130","CASA DE SAUDE BEZERRA DE MENEZES","35","201905"
"56577059000100","FUNDACAO FACULDADE DE MEDICINA MEC MPAS","35","201905"
"56577059000363","FUNDACAO FACULDADE DE MEDICINA MECMPAS","35","201905"
"56577059000444","FUNDACAO FACULDADE DE MEDICINA MECMPAS","35","201212"
"56626195000134","SOCIEDADE BENEFICENTE E HOSPITALAR SANTA RITA","35","201905"
"56690662000195","HOSPITAL E MAT SAO SEBASTIAO STA CASA MIS SALTO GRANDE","35","201905"
"56725385000109","SANTA CASA DE MISERICORDIA DE SANTA BARBARA DOESTE","35","201905"
"56777063000103","SANTA CASA SAO JOAQUIM","35","200910"
"56784424000149","IRMANDADE DO HOSPITAL E MATERNIDADE CORONEL JUCA FERREIRA","35","201905"
"56813926000150","SANTA CASA DE MISERICORDIA DE STA CRUZ DO RIO PARDO","35","201905"
"56889595000132","HOSPITAL DE MISERICORDIA DE ALTINOPOLIS","35","201904"
"56896368000134","IRMANDADE DE MISERICORDIA DE JABOTICABAL","35","201905"
"56898356000149","IRMANDADE DA SANTA CASA DE MISERICORDIA DE SANTA ISABEL","35","201905"
"56927809000118","IRMANDADE DA SANTA CASA DE MISER DE STA RITA DO PASSA QUATRO","35","201905"
"56959117000151","SANTA CASA DE MISERICORDIA DE SANTA ROSA DE VITERBO","35","201905"
"57038952000111","SANTA CASA DE MISERICORDIA DE SANTO AMARO","35","201905"
"57047342000184","FUNDACAO HOLAMBRA DE SAUDE","35","201007"
"57326118000121","AUTARQUIA HOSPITAL MUNICIPAL DE IEPE","35","201205"
"57388506000137","IRMANDADE DO HOSPITAL DE CARIDADE ANITA COSTA","35","201905"
"57553265000134","IRMANDADE DA SANTA CASA DE MIS MAUA","35","201809"
"57571275000283","FUNDACAO DO ABC FUABC","35","201203"
"57571275000526","FUNDACAO DO ABC FUABC","35","201203"
"57571275000879","FUNDACAO ABC","35","201307"
"57571275000950","FUNDACAO DO ABC","35","201812"
"57571275001174","FUNDACAO DO ABC","35","201408"
"57571275001255","FUNDACAO DO ABC FUABC","35","201203"
"57571275001336","MUNICIPIO DE MAUA","35","201904"
"57722118000140","FUNDACAO DE APOIO AO ENSINO PESQUISA E ASSISTENCIA HCFMRP","35","201905"
"57740490000260","CONSORCIO INTERMUNICIPAL DE SAUDE DO VALE DO RIBEIRA","35","201706"
"57740490000503","CONSORCIO INTERMUNICIPAL DE SAUDE DO VALE DO RIBEIRA","35","201905"
"58194622000188","SOCIEDADE PORTUGUESA DE BENEFICENCIA","35","201905"
"58198524000119","IRMANDADE DA SANTA CASA DA MISERICORDIA DE SANTOS","35","201905"
"58484239000164","SANTA CASA DE MISERICORDIA FREDERICO OZANAN","35","201905"
"59006460000170","FUNDACAO BENEFICIENTE DE PEDREIRA","35","201905"
"59086215000110","SANTA CASA DE MISERICORDIA SAO BENTO DO SAPUCAI","35","201905"
"59610394000142","IRMANDADE DA SANTA CASA DE MISERICORDIA DE SAO CARLOS","35","201905"
"59759084000194","SANTA CASA DE MISERICORDIA DONA CAROLINA MALHEIROS","35","201905"
"59761015000115","HOSPITAL FELICIO LUCHINI","35","201503"
"59849182000112","SANTA CASA DE MISERICORDIA DE SAO JOAQUIM DA BARRA","35","201905"
"59852277000195","INSTITUTO DE AMPARO AO EXCEPCIONAL NHANDEARA","35","201905"
"59901454000186","SANTA CASA DE MISERICORDIA HOSPITAL SAO VICENTE","35","201905"
"59972307000105","ASSOCIACAO PORTUGUESA DE BENEFICENCIA DE SAO JOSE DO RIO PRE","35","201905"
"59981712000181","IRMANDADE DA SANTA CASA DE MISERICORDIA DE S J RIO PRETO","35","201905"
"59986224000167","HOSPITAL DR ADOLFO BEZERRA DE MENEZES","35","201905"
"60003761000129","FUNDACAO FACULDADE REGIONAL DE MEDICINA DE SAO JOSE DO RIO P","35","201905"
"60003761000471","FUNDACAO REGIONAL DE MEDICINA DE SAO JOSE RIO PRETO","35","200912"
"60007648000383","INSTITUTO ESPIRITA NOSSO LAR","35","201704"
"60127198000109","STS ESTETICLIN HOSPITAL GERAL LTDA","35","200810"
"60194990000682","INSTITUTO DAS PEQUENAS MISSIONARIAS DE MARIA IMACULADA","35","201905"
"60194990000763","INSTITUTO DAS PEQUENAS MISSIONARIAS DE MARIA IMACULADA","35","201901"
"60194990001140","INSTITUTO DAS PEQUENAS MISSIONARIAS DE MARIA IMACULADA","35","201905"
"60315462000120","SANTA CASA DE MISERICORDIA DE SAO LUIZ DO PARAITINGA","35","201905"
"60332673000170","IRMANDADE DA CASA PIA SAO VICENTE DE PAULA","35","201905"
"60453032000174","UNIFESP EPM HOSPITAL SAO PAULO","35","201104"
"60499365000215","FUNDACAO LEONOR DE BARROS CAMARGO","35","201905"
"60544244000167","SOCIEDADE HOSPITAL SAMARITANO","35","201606"
"60552098000111","SOCIEDADE BRASILEIRA E JAPONESA DE BENEFICIENCIA SANTA CRUZ","35","201902"
"60740719000190","SANATORINHOS ACAO COMUNITARIA DE SAUDE","35","200802"
"60740719000433","SANATORINHOS ACAO COMUNITARIA DE SAUDE","35","201303"
"60740719001405","SANATORINHOS ACAO COMUNITARIA DE SAUDE","35","200911"
"60742616000160","CASA DE SAUDE SANTA MARCELINA","35","201905"
"60747318000162","INSTITUTO DE ASSI MEDICA DO SERVIDOR PUBLICO ESTADUAL SP","35","201605"
"60762846000190","ASSOCIACAO CRUZ VERDE","35","201905"
"60765823000130","SOCIEDADE BENEFICENTE ISRAELITA BRAS HOSP ALBERT EINSTEIN","35","201807"
"60765823002779","SOCIEDADE BENEF ISRAELITA BRAS HOSPITAL ALBERT EINSTEIN","35","201511"
"60922168004335","ASSOCIACAO CONGREGACAO DE SANTA CATARINA","35","201905"
"60945854000172","INSTITUTO DO CANCER ARNALDO VIEIRA DE CARVALHO","35","201905"
"60961422000155","SERVICO SOCIAL DA IND DO PAPEL PPLAO E CORT DO EST SAO PAULO","35","201503"
"60961968000106","FUNDACAO ANTONIO PRUDENTE","35","201905"
"60975737005706","SOCIEDADE BENEFICENTE SAO CAMILO","35","201905"
"60975737006869","SOCIEDADE BENEFICENTE SAO CAMILO","35","201905"
"60975737007245","SOCIEDADE BENEFICENTE SAO CAMILO","35","201905"
"60975737007598","SOCIEDADE BENEFICENTE SAO CAMILO","35","201812"
"60975737008055","SOCIEDADE BENEFICENTE SAO CAMILO","35","201904"
"60975737008136","SOCIEDADE BENEFICIENTE SAO CAMILO","35","201801"
"60975737008489","SOCIEDADE BENEFICENTE SAO CAMILO","35","201601"
"60975976000101","ASSOCIACAO BENEFICIENTE NOSSA SENHORA DE NAZARE","35","201505"
"60979457000111","ASSOCIACAO DE ASSISTENCIA A CRIANCA DEFICIENTE","35","201905"
"60988813000163","HOSPITAL VERA CRUZ LTDA","35","200901"
"60990751001791","FUNDACAO SAO PAULO","35","201905"
"60992427000650","BENEFICENCIA NIPO BRASILEIRA DE SAO PAULO","35","201503"
"60992427001893","BENEFICENCIA NIPO BRASILEIRA DE SAO PAULO","35","201905"
"61599908000158","REAL E BENEMERITA ASSOCIACAO PORTUGUESA DE BENEFICENCIA","35","201905"
"61599908003173","REAL E BENEMERITA ASSOCIACAO PORTUGUESA DE BENEFICENCIA","35","201905"
"61617908000214","CONGREGACAO DAS IRMAS HOSPITALEIRAS D0 SAGR COR DE JESUS","35","201606"
"61617908000486","CONGREGACAO DAS IRMAS HOSPIT DO SAGRADO CORACAO DE JESUS","35","201606"
"61626958000187","ASSOCIACAO MANTENEDORA JOAO EVANGELISTA","35","201312"
"61667580000160","ASSOCIACAO BENEFICENTE DOS HOSPITAIS SOROCABANA","35","201009"
"61667580000240","ASSOCIACAO BENEFICENTE HOSPITAIS SOROCABANA","35","201106"
"61699567000192","SPDM ASSOCIACAO PAULISTA PARA O DESENVOLVIMENTO DA MEDICINA","35","201905"
"61699567001326","PREFEITURA MUNICIPAL DE GUARULHOS","35","201207"
"61705877000334","ASSOCIACAO EVANGELICA BENEFICENTE","35","201504"
"61821344000156","SECRETARIA DE ESTADO DA SAUDE DE SAO PAULO","35","201209"
"61857710000208","ASSISTENCIA VICENTINA DE SAO PAULO","35","200812"
"61904678000193","AMPARO MATERNAL","35","201112"
"61956496000247","CENTRO DE VALORIZACAO DA VIDA","35","201905"
"61957627000120","CASA DE DAVID TAB ESPIRITA PARA EXCEPCIONAIS","35","201905"
"61986402001416","ASSOCIACAO FILHAS DE SAO CAMILO","35","201905"
"62106505000192","CRUZ AZUL DE SAO PAULO","35","201502"
"62220637000140","CENTRO ESPIRITA NOSSO LAR CASAS ANDRE LUIZ","35","201312"
"62220637000302","CENTRO ESPIRITA NOSSO LAR CASAS ANDRE LUIZ","35","201905"
"62277207002290","ORGANIZACAO SANTAMARENSE DE EDUCACAO E CULTURA OSEC","35","201403"
"62424536000191","SOCIAM ASSISTENCIA MEDICA LTDA","35","201512"
"62779145000190","IRMANDADE DA SANTA CASA DE MISERICORDIA DE SAO PAULO","35","201905"
"62779145000270","IRMANDADE DA SANTA CASA DE MISERICORDIA DE SAO PAULO","35","201905"
"62779145000947","ISCMSP CENTRO DE ATENCAO INTEGRADA A SAUDE MENTAL","35","201802"
"62827860000150","CASA DA CRIANCA BETINHO LAR ESPIRITA P EXCEPCIONAIS","35","201905"
"62932942000165","INSTITUTO BRASILEIRO DE CONTROLE DO CANCER","35","201905"
"62932942000408","INSTITUTO BRASILEIRO DE CONTROLE DO CANCER","35","201905"
"63025530008270","UNIVERSIDADE DE SAO PAULO HRAC","35","201905"
"63025530008512","HOSPITAL UNIVERSITARIO DA UNIVERSIDADE DE SAO PAULO","35","201905"
"65712689000122","SANTA CASA DE MISERICORDIA DE CAJOBI","35","201905"
"65713471000192","IRMANDADE DA SANTA CASA DE MISERICORDIA DE POPULINA","35","201905"
"67185694000150","GRUPO DE APOIO AO ADOLESCENTE E A CRIANCA COM CANCER GRAAC","35","201905"
"67187070000171","INSTITUTO PAULISTA E PESQUISAS DE ESTUDOS EM OFTALMOLOGIA","35","201905"
"70914171000101","HOSPITAL BENEFICIENTE SAO LUCAS DE SAO PEDRO","35","201905"
"70945936000170","IRMANDADE DA SANTA CASA DE MISERICORDIA DE SAO ROQUE","35","201905"
"71041289000135","IRMANDADE DA SANTA CASA CORACAO DE JESUS","35","201905"
"71051536000184","SANTA CASA DE MISERICORDIA DE GRAMA","35","201905"
"71071666000189","SANTA CASA DE MISERICORDIA DE SAO SIMAO","35","201905"
"71262703000136","ASSOCIACAO DA SANTA CASA DE MISERICORDIA DE SERRA NEGRA","35","201905"
"71305635000145","SOCIEDADE BENEFICENTE HOSP STACASA DE MISERICORDIA SERRANA","35","201905"
"71326292000103","IRMANDADE DA SANTA CASA DE SERTAOZINHO","35","201905"
"71408546000124","IRMANDADE DA SANTA CASA DE MISERICORDIA DE SOCORRO","35","201905"
"71462501000138","INSTITUTO PSIQUIATRICO PROF ANDRE TEIXEIRA LIMA LTDA","35","201506"
"71485056000121","IRMANDADE DA SANTA CASA DE MISERICORDIA DE SOROCABA","35","201905"
"71858880000180","HOSPITAL PSIQUIATRICO VERA CRUZ SC LTDA","35","201404"
"71867600000108","ASSOCIACAO PROTETORA DOS INSANOS DE SOROCABA","35","201402"
"71981476000107","ASSOCIACAO BENEFICENTE DE TABAPUA","35","201905"
"71991087000154","SANTA CASA DE MISERICORDIA SAO MIGUEL","35","201905"
"72052350000102","IRMANDADE DA SANTA CASA DE MISERICORDIA DE TAMBAU","35","201905"
"72079114000180","SANTA CASA SAO VICENTE DE PAULO DE TANABI","35","201905"
"72127210000156","IRMANDADE STA CASA DE MISER E MATERN D ZILDA SALVAGNI","35","201905"
"72189582000107","SANTA CASA DE MISERICORDIA DE TATUI","35","201905"
"72457716000123","SANTA CASA DE MISERICORDIA DE TIETE","35","201905"
"72547623000190","SANTA CASA DE MISERICORDIA DE TUPA","35","201905"
"72551799000115","HOSPITAL BENEFICENTE SAO JOSE","35","201905"
"72557689000160","CASA DA CRIANCA DE TUPA","35","201905"
"72699119000105","IRMANDADE SANTA CASA DE MISERICORDIA DE TUPI PAULISTA","35","201905"
"72747967000142","SANTA CASA DE MIS IRMANDADE DO SENHOR DOS PASSOS DE UBATUBA","35","201905"
"72790280000190","IRMANDADE DE MISERICORDIA DE URUPES","35","201905"
"72835804000111","SANTA CASA DE MISERICORDIA DE VALPARAISO","35","201905"
"72863665000130","HOSPITAL DE CARIDADE DE VARGEM GRANDE DO SUL","35","201904"
"72909179000105","IRMANDADE DA SANTA CASA DE VINHEDO","35","201905"
"72938079000107","HOSPITAL E MATERNIDADE SAO VICENTE DE PAULO","35","201905"
"72957814000120","SANTA CASA DE MISERICORDIA DE VOTUPORANGA","35","201905"
"73027690000146","SANTA CASA DE MISERICORDIA DE CHAVANTES","35","201905"
"","SEM CNPJ PROPRIO","35","201502"
