"CNES","NOMEFANT","UF_ZI","CMPT"
"0008028","HOSPITAL MUNICIPAL ANTONIO GIGLIO","35","201905"
"0008036","HOSPITAL MATERNIDADE AMADOR AGUIAR","35","201905"
"0008052","HOSPITAL REGIONAL DR VIVALDO MARTINS SIMOES OSASCO","35","201905"
"0008087","PRONTO SOCORRO CONRADO CESARINO NUVOLINI","35","201905"
"0008141","PRONTO SOCORRO DR ANTONIO FLAVIO FRANCA","35","201905"
"0008478","LAR BUSSOCABA ASSISTENCIA VICENTINA","35","201903"
"0008494","UPA BANGU","35","201905"
"0008923","CENTRO HOSPITALAR DE SANTO ANDRE DR NEWTON DA COSTA BRANDAO","35","201905"
"0009008","UNIDADE DE PRONTO ATENDIMENTO SAUDE MENTAL","35","201904"
"0009296","HOSPITAL DE CLINICAS NORTE","35","201403"
"0009539","IPMMI HOSPITAL MATERNO INFANTIL ANTONINHO DA ROCHA MARMO","35","201901"
"0009601","HOSPITAL PIO XII","35","201905"
"0009628","HOSPITAL MUNICIPAL DR JOSE DE CARVALHO FLORENCE","35","201905"
"0009636","ASSOCIACAO INSTITUTO CHUI DE PSIQUIATRIA","35","201502"
"0009695","CENTRO DE REFERENCIA EM MOLESTIAS INFECCIOSAS","35","201905"
"0021520","PRONTO ATENDIMENTO DE VILA LUZITA","35","201905"
"0024228","UPA CENTRAL EMILIO PIRES MAGALHAES","35","201905"
"0026417","HOSPITAL DE CLINICAS SUL","35","201905"
"2022621","MATERNIDADE DE CAMPINAS","35","201905"
"2022648","HOSPITAL IRMAOS PENTEADO E SANTA CASA DE CAMPINAS","35","201905"
"2023016","CASA DE CARIDADE SAO VICENTE DE PAULO CAJURU","35","201905"
"2023474","HOSPITAL MUNICIPAL WALTER FERRARI","35","201905"
"2023644","HOSPITAL BENEFICENTE SANTA GERTRUDES","35","201704"
"2023709","SANTA CASA DE MISERICORDIA DE ITATIBA","35","201905"
"2023865","HOSPITAL MUNICIPAL DR AMADEU PAGLIUSO","35","201905"
"2024438","HOSPITAL E MATERNIDADE DR ADONIRAN CORREIA CAMPOS MONGAGUA","35","201905"
"2024691","SANTA CASA","35","201905"
"2024756","HOSPITAL E MATERNIDADE NOSSA SENHORA DA AJUDA","35","201905"
"2024772","SANTA CASA DE MISERICORDIA SAO JOSE","35","201905"
"2025361","HOSPITAL ANCHIETA","35","201905"
"2025477","HOSPITAL E MATERNIDADE SANTA ISABEL DE JABOTICABAL","35","201905"
"2025507","HOSPITAL DAS CLINICAS HCFAMEMA","35","201905"
"2025523","HCFAMEMA UNIDADE MATERNO INFANTIL","35","201812"
"2025752","SANTA CASA DE SANTOS","35","201905"
"2026392","HOSPITAL SANTO ANTONIO","35","201008"
"2026805","SANTA CASA DE GUARIBA","35","201905"
"2027186","SANTA CASA DE MISERICORDIA DE ITAPEVA","35","201905"
"2027240","HOSPITAL DIA DA REDE HORA CERTA BUTANTA","35","201905"
"2027356","HOSPITAL MUNICIPAL UNIVERSITARIO","35","201905"
"2028204","SANTA CASA DE MONTE ALTO","35","201905"
"2028239","HOSPITAL REGIONAL DE TEODORO SAMPAIO","35","201905"
"2028840","INSTITUTO DE INFECTOLOGIA EMILIO RIBAS SAO PAULO","35","201905"
"2033372","PRONTO SOCORRO CENTRAL SAO CAETANO DO SUL","35","200807"
"2033739","PRONTO SOCORRO DO TABOAO","35","201107"
"2035081","CENTRO DE ATENCAO INTEGRAL A SAUDE DA MULHER","35","201611"
"2038269","PRONTO SOCORRO RUDGE RAMOS","35","201206"
"2038277","PRONTO SOCORRO BAETA NEVES","35","201109"
"2039001","PRONTO SOCORRO MUNICIPAL DE SUZANO","35","201212"
"2040069","HOSPITAL MATERNIDADE JESUS JOSE E MARIA","35","201905"
"2040573","AMBULAT DE ESPECIALIDADES E HOSPITAL DIA DR RENATO RIGGIO JR","35","201905"
"2042894","SECAO PRONTO SOCORRO CENTRAL SEPROS C","35","201905"
"2043351","PIZARRO HOSPITAL DO OLHO LTDA EPP","35","201812"
"2046407","PRONTO SOCORRO RIACHO GRANDE","35","201012"
"2053500","HOSPITAL SENHOR BOM JESUS","35","201905"
"2053519","MATERNIDADE FERNANDO MAGALHAES","35","201905"
"2058243","SANTA CASA DE MISERICORDIA DE SAO SIMAO","35","201905"
"2058278","UNIDADE MISTA DE VISTA ALEGRE DO ALTO VISTA ALEGRE DO ALTO","35","201405"
"2058308","HOSPITAL MUNICIPAL DR ACILIO CARREON GARCIA","35","201905"
"2058332","HOSPITAL MANOEL DE ABREU BAURU","35","201603"
"2058340","HOSPITAL MUNICIPAL DE QUELUZ","35","201905"
"2058391","HOSPITAL ISRAELITA ALBERT EINSTEIN","35","201807"
"2058405","UNIDADE MISTA DE SAUDE DE SILVEIRAS","35","201905"
"2058502","HOSP DO SERV PUB EST FCO MORATO DE OLIVEIRA SAO PAULO","35","201610"
"2058626","HOSPITAL PSIQUIATRICO MAHATMA GANDHI","35","201905"
"2058774","HOSPITAL ALLAN KARDEC PRES PRUDENTE","35","201612"
"2058782","HOSPITAL PSIQUIATRICO ESPIRITA BEZERRA DE MENEZES P PRUDENT","35","201905"
"2058790","HOSPITAL MUNICIPAL DR WALDEMAR TEBALDI","35","201905"
"2061562","UPA BARAO DE MAUA","35","201703"
"2065665","HOSPITAL MATERNIDADE INTERLAGOS","35","201905"
"2066092","HOSPITAL GERAL DE PEDREIRA","35","201905"
"2066572","HOSPITAL HELIOPOLIS UNIDADE DE GESTAO ASSISTENCIAL I SP","35","201905"
"2068974","PAM VARZEA DO CARMO NGA 63 SAO PAULO","35","201905"
"2069008","AMBULATORIO DE ESPECIALIDADES DR GERALDO PAULO BOURROUL","35","201905"
"2069776","HOSPITAL E PRONTO SOCORRO CENTRAL","35","201905"
"2070413","HOSPITAL SAO DOMINGOS DE CATANDUVA","35","201002"
"2070766","CAISM DR DAVID CAPISTRANO DA COSTA FILHO DA AGUA FUNDA SP","35","201905"
"2071371","HOSPITAL INFANTIL DARCY VARGAS UGA III SAO PAULO","35","201905"
"2071568","HC DA FMUSP INSTITUTO DO CORACAO INCOR SAO PAULO","35","201905"
"2072033","UNIDADE MISTA DE SAUDE DE EMBUGUACU","35","201905"
"2072513","HOSPITAL MUNICIPAL SANTA ANA","35","201905"
"2072653","UNIDADE HOSPITALAR DE MIRACATU MIRACATU","35","201005"
"2075717","HOSP MUN MATERNIDADE PROF MARIO DEGNI","35","201905"
"2075962","HOSP DA STA CASA DE STO AMARO","35","201905"
"2076896","HOSPITAL SAO LUIZ GONZAGA","35","201905"
"2076926","HOSPITAL UNIVERSITARIO DA USP SAO PAULO","35","201905"
"2076934","HOSP SOROCABANA","35","201009"
"2076942","HOSPITAL DE ITATINGA","35","201905"
"2076985","CASA DA CRIANCA BETINHO","35","201905"
"2077078","UNIDADE MISTA E MATERNIDADE CENTRAL","35","201905"
"2077124","UNIDADE MISTA DE ATENDIMENTO INFANTIL","35","201905"
"2077310","HOSPITAL DIA IRMAO ALTINO SAUDE MENTAL","35","201905"
"2077388","HOSPITAL AMPARO MATERNAL","35","201905"
"2077396","HOSPITAL DE BASE DE SAO JOSE DO RIO PRETO","35","201905"
"2077418","CAISM PHILIPPE PINEL SAO PAULO","35","201905"
"2077426","HOSPITAL ESTADUAL DE VILA ALPINA ORG SOCIAL SECONCI SAO PAUL","35","201905"
"2077434","HOSPITAL DR LEOPOLDO BEVILACQUA","35","201905"
"2077450","HOSP MUN DR JOSE SOARES HUNGRIA","35","201905"
"2077469","HOSP DOM ANTONIO DE ALVARENGA","35","201505"
"2077477","HOSP STA MARCELINA SAO PAULO","35","201905"
"2077485","HOSPITAL SAO PAULO HOSPITAL DE ENSINO DA UNIFESP SAO PAULO","35","201905"
"2077493","HOSPITAL GERAL DE SAO MATEUS SAO PAULO","35","201905"
"2077507","HOSPITAL BANDEIRANTES","35","201905"
"2077515","HOSPITAL SAO VICENTE DE PAULA DE ARANDU","35","201706"
"2077523","UNIDADE DE GESTAO ASSISTENCIAL II HOSPITAL IPIRANGA SP","35","201905"
"2077531","A C CAMARGO CANCER CENTER","35","201905"
"2077558","HOSPITAL GERAL DR FRANCISCO TOZZI AGUAS DE LINDOIA","35","201905"
"2077566","HOSPITAL MUNICIPAL DA MULHER DR JOAO LUIS J ROSSETO","35","201709"
"2077574","CONJUNTO HOSPITALAR DO MANDAQUI SAO PAULO","35","201905"
"2077582","HOSPITAL NOSSA SENHORA DA PIEDADE","35","201905"
"2077590","INST BRASILEIRO DE CONTROLE DO CANCER IBCC","35","201905"
"2077612","CASA DE SAUDE NOSSA SENHORA DE FATIMA","35","201606"
"2077620","HOSPITAL GERAL SANTA MARCELINA DE ITAIM PAULISTA SAO PAULO","35","201905"
"2077639","HOSP MUN PROF DR WALDOMIRO DE PAULA","35","201905"
"2077647","SANTA CASA DE ADAMANTINA","35","201905"
"2077655","ASSOC AACD V CLEMENTINO","35","201905"
"2077671","HOSPITAL GERAL DO GRAJAU PROF LIBER JOHN ALPHONSE DI DIO SP","35","201905"
"2077701","HOSPITAL E MATERNIDADE LEONOR MENDES DE BARROS SAO PAULO","35","201905"
"2077752","HOSP MONUMENTO CEHM","35","201905"
"2077957","CENTRO DE REFERENCIA E TREINAMENTO DSTAIDS SAO PAULO","35","201905"
"2078015","HC DA FMUSP HOSPITAL DAS CLINICAS SAO PAULO","35","201905"
"2078023","HOSPITAL SAO LUCAS","35","201811"
"2078031","HOSPITAL SANTA TEREZA DE RIBEIRAO PRETO","35","201905"
"2078074","SANTA CASA DE LEME","35","201905"
"2078104","HOSPITAL GERAL DE ITAPEVI","35","201905"
"2078112","HOSPITAL SANTA RITA DE SALES OLIVEIRA","35","201905"
"2078139","SANTA CASA DE PRESIDENTE VENCESLAU","35","201905"
"2078155","HOSPITAL STELLA MARIS","35","201905"
"2078198","UNIDADE MISTA DE SANTO ANTONIO DA ALEGRIA","35","201905"
"2078236","HOSPITAL PSIQUIATRICO VALE DAS HORTENCIAS PIEDADE","35","201811"
"2078252","SANTA CASA DE BIRIGUI","35","201905"
"2078287","CENTRO DE REFERENCIA DA SAUDE DA MULHER SAO PAULO","35","201905"
"2078295","SANTA CASA DE TAQUARITINGA","35","201905"
"2078325","HOSP MUN INFANTIL MENINO JESUS","35","201905"
"2078341","ASSOCIACAO HOSPITAL BENEFICENTE SAGRADO CORACAO DE JESUS","35","201905"
"2078384","HOSPITAL ESPIRITA","35","201904"
"2078414","SANTA CASA DE GUAIRA","35","201905"
"2078422","FUNBEPE PEDREIRA","35","201905"
"2078449","SANTA CASA DE PATROCINIO PAULISTA","35","201905"
"2078465","REAL SOCIEDADE PORTUGUESA DE BENEFICENCIA","35","201905"
"2078473","HOSPITAL DR LUIZ CAMARGO DA FONSECA E SILVA","35","201905"
"2078503","SANTA CASA DE PENAPOLIS","35","201904"
"2078511","HOSPITAL REGIONAL DE ILHA SOLTEIRA","35","201905"
"2078538","HOSPITAL NOSSA SENHORA APARECIDA","35","201905"
"2078546","SANTA CASA SAO BENTO DO SAPUCAI","35","201905"
"2078562","HOSPITAL GERAL DE ITAQUAQUECETUBA","35","201905"
"2078570","HOSPITAL JOAO EVANGELISTA","35","201312"
"2078589","HOSPITAL E MATERNIDADE SANTA MARIA CRUZ AZUL","35","201502"
"2078775","SANTA CASA DE ARACATUBA HOSPITAL SAGRADO CORACAO DE JESUS","35","201905"
"2078805","HOSPITAL MUNICIPAL REYNALDO GUERRA CAJATI","35","201508"
"2078813","HOSPITAL OFTALMOLOGICO DE SOROCABA","35","201905"
"2078848","SANTA CASA ANNA CINTRA","35","201905"
"2078856","HOSPITAL DA GRACA COTIA","35","201403"
"2078902","SANTA CASA PILAR DO SUL","35","201905"
"2078937","SANTA CASA DE APARECIDA DOESTE","35","201905"
"2079003","SERVICO DE SAUDE DR CANDIDO FERREIRA","35","201707"
"2079011","HOSPITAL LEITO IRMA ANETTE MARLENE FERNANDES DE MELLO","35","201905"
"2079046","UNIDADE MISTA DE SAUDE DE ROSEIRA DR PAULO GUIMARAES CASTRO","35","201609"
"2079054","SANTA CASA DE MURUTINGA DO SUL","35","201212"
"2079097","SANTA CASA DE CAPAO BONITO","35","201905"
"2079119","CENTRO DE REF DA SAUDE DA MULHER DE R PRETO MATER","35","201905"
"2079135","SANTA CASA DE MISERICORDIA DE TATUI","35","201905"
"2079143","SANATORIO S3 CAMPOS DO JORDAO","35","201303"
"2079178","MATERNIDADE MUNICIPAL","35","201905"
"2079186","HOSP MUN MAT ESC DR MARIO DE MORAES A SILVA","35","201905"
"2079194","HOSPITAL NESTOR GOULART REIS AMERICO BRASILIENSE","35","201905"
"2079208","LAR ESPIRITA MARIA DE NAZARE MOJI MIRIM","35","201905"
"2079216","HOSPITAL E MATERNIDADE JOSE FORTUNA","35","201905"
"2079224","HOSPITAL SAO JOSE","35","201905"
"2079232","HOSPITAL SANTA BARBARA","35","201905"
"2079240","HOSPITAL GERAL JESUS TEIXEIRA DA COSTA GUAIANASES SAO PAULO","35","201905"
"2079275","HOSPITAL SAO FRANCISCO RIBEIRAO PRETO","35","201812"
"2079283","SANTA CASA DE PANORAMA","35","201812"
"2079291","SANTA CASA DE PALMEIRA DOESTE","35","201905"
"2079313","HOSPITAL SAO ROQUE CABREUVA","35","201905"
"2079321","HOSPITAL GPACI SOROCABA","35","201905"
"2079348","SANTA CASA DE IGARAPAVA","35","201905"
"2079356","SANTA CASA DE TANABI","35","201905"
"2079364","SANTA CASA DE MISERICORDIA DE SERRANA","35","201905"
"2079380","SANTA CASA DE SALESOPOLIS","35","201905"
"2079399","SANTA CASA DE MISERICORDIA TABATINGA SP","35","201905"
"2079402","SANTA CASA SAO VICENTE DE PAULO BOA ESPERANCA DO SUL","35","201905"
"2079410","COMPLEXO HOSPITALAR PADRE BENTO DE GUARULHOS","35","201905"
"2079429","SANTA CASA SALTO DE PIRAPORA","35","201905"
"2079437","HOSPITAL BENEFICENTE DE MARACAI","35","201905"
"2079461","SANTA CASA DE MISERICORDIA SAO FRANCISCO BURITAMA","35","201905"
"2079496","SANTA CASA DE CRAVINHOS","35","201905"
"2079518","SANTA CASA DE MIS E MATERNIDADE N SRA DA CONCEICAO CUNHA","35","201905"
"2079550","SANTA CASA DE SANTA ADELIA","35","201905"
"2079569","HOSPITAL SAO PAULO","35","201512"
"2079585","CASA DA CRIANCA HOSPITAL INFANTIL CAMPOS DO JORDAO","35","200901"
"2079593","HOSPITAL SAO JOAO REGISTRO","35","201905"
"2079615","HOSPITAL MUNICIPAL DE IBIUNA IBIUNA SP","35","201905"
"2079631","INSTITUTO AGNES DE LEAO","35","201606"
"2079682","SANTA CASA DE NEVES PAULISTA","35","201905"
"2079690","SANTA CASA DE MISERICORDIA DE SAO LUIZ DO PARAITINGA","35","201905"
"2079704","HOSPITAL DR RENATO SILVA DE SOCORRO","35","201905"
"2079720","HOSPITAL GUILHERME ALVARO SANTOS","35","201905"
"2079763","CASA CAIRBAR SCHUTEL","35","201905"
"2079798","HOSPITAL DAS CLINICAS DA UNICAMP DE CAMPINAS","35","201905"
"2079801","SANTA CASA DE SANTA BRANCA","35","200910"
"2079828","HOSPITAL GERAL PIRAJUSSARA TABOAO DA SERRA","35","201905"
"2079836","SANTA CASA DE MISERICORDIA ITAPOLIS","35","201905"
"2079852","SANTA CASA DE PIRACAIA","35","201905"
"2079860","SANTA CASA DE SUZANO","35","201905"
"2079879","SANTA CASA DE TAQUARITUBA","35","201905"
"2079895","SANTA CASA DE MISERICORDIA DE JALES","35","201905"
"2079909","HOSP BENEFICENTE DE PIRANGI","35","201905"
"2079917","SANTA CASA DE LOUVEIRA","35","201903"
"2079925","SANTA CASA DE PORTO FELIZ","35","201905"
"2079968","SANTA CASA DE URANIA","35","201905"
"2079976","SANTA CASA DE LARANJAL PAULISTA","35","201905"
"2080028","HOSPITAL MUNICIPAL DE DIADEMA HMD","35","201905"
"2080044","SANTA CASA DE SAO JOAQUIM DA BARRA","35","201905"
"2080052","HOSPITAL NOSSA SENHORA APARECIDA","35","201905"
"2080060","HOSPITAL SANTA TEREZA SANTA ALBERTINA","35","200808"
"2080079","HOSPITAL DR OSIRIS FLORINDO COELHO FERRAZ DE VASCONCELOS","35","201905"
"2080087","SANTA CASA DE MISERICORDIA DE TIETE","35","201905"
"2080095","SANTA CASA DE JOSE BONIFACIO","35","201905"
"2080109","SANTA CASA DE POPULINA","35","201905"
"2080117","HOSPITAL PSIQUIATRICO ALLAN KARDEC FRANCA SP","35","201905"
"2080125","INST DO CANCER ARNALDO VIEIRA DE CARVALHO","35","201905"
"2080141","HOSPITAL JULIA RUETE ARIRANHA","35","201511"
"2080192","HOSP EST ESPEC EM REABILIT DR FRANCISCO RIBEIRO ARANTES","35","201905"
"2080206","HOSPITAL ITATIBA","35","201905"
"2080222","SANTA CASA DE CACONDE","35","201905"
"2080265","EMED HOSPITAL E MATERNIDADE","35","201105"
"2080273","HOSPITAL ESTADUAL MARIO COVAS DE SANTO ANDRE","35","201905"
"2080281","HOSPITAL SAO JOSE DE HERCULANDIA","35","201905"
"2080338","HOSPITAL GERAL DE GUARULHOS PROF DR WALDEMAR DE CARVALHO","35","201905"
"2080346","HOSP MUN DR CARMINO CARICCHIO","35","201905"
"2080354","HOSPITAL SANTO ANTONIO SANTOS","35","201905"
"2080362","CASA DE SAUDE DE INDIAPORA","35","201905"
"2080370","SANTA CASA DE PIRAJUI","35","201905"
"2080400","HOSPITAL IMACULADA CONCEICAO RIBEIRAO PRETO","35","201905"
"2080427","HOSPITAL MUNICIPAL DA CRIANCA E DO ADOLESCENTE HMCA","35","201905"
"2080443","HOSPITAL DA CASA PIA SAO VICENTE DE PAULA","35","201905"
"2080451","SANTA CASA DE IPUA","35","201903"
"2080478","SANTA CASA DE MISERICORDIA DE PEDREGULHO","35","201905"
"2080486","HOSPITAL INFANTIL ANDRE LUIZ","35","201507"
"2080508","SANTA CASA DE ALVARES MACHADO","35","201905"
"2080524","HOSPITAL E MATERNIDADE REGIONAL REGENTE FEIJO","35","201905"
"2080532","SANTA CASA HOSP DR ARISTOTELES OLIVEIRA MARTINS PRES PRUDENT","35","201905"
"2080567","SANTA CASA DE AGUAI","35","201304"
"2080575","HOSPITAL BP","35","201905"
"2080583","HOSP MUN TIDE SETUBAL","35","201905"
"2080605","HOSPITAL PADRE NICANOR MERINO TORRINHA","35","201905"
"2080621","SANTA CASA POMPEIA","35","201905"
"2080648","HOSPITAL SANTA CASA DE JARDINOPOLIS","35","200908"
"2080656","INSTITUTO DE PSIQUIATRIA TUPA","35","201512"
"2080664","SANTA CASA DE TUPA","35","201905"
"2080672","HOSPITAL SAO FRANCISCO TUPA","35","201712"
"2080680","HOSPITAL DAS CLINICAS LUZIA DE PINHO MELO MOGI DAS CRUZES","35","201905"
"2080729","HOSPITAL SAO JOSE SAO VICENTE","35","201703"
"2080737","HOSPITAL SAO VICENTE DE GALIA","35","201905"
"2080745","SANTA CASA DE SANTA CRUZ DAS PALMEIRAS","35","201905"
"2080788","HOSP MUN DOUTOR ALEXANDRE ZAIO","35","201905"
"2080818","HOSP SAMARITANO","35","201606"
"2080826","HOSPITAL SAO JOSE DE ITAJOBI","35","201905"
"2080842","SANTA CASA DE MISERICORDIA DE CANDIDO MOTA","35","201905"
"2080869","SANTA CASA DE PAULO DE FARIA","35","201905"
"2080907","SANTA CASA PACAEMBU","35","201905"
"2080915","HOSPITAL BENEFICENTE PADRE BERNARDO BRAAKIUS","35","201905"
"2080923","HOSPITAL SAO VICENTE","35","201905"
"2080931","SANTA CASA DE SAO CARLOS","35","201905"
"2080958","SANTA CASA DE MISERICORDIA DE PALMITAL","35","201905"
"2080966","SANTA CASA DE ESTRELA DOESTE","35","201905"
"2080982","HOSPITAL DE CLEMENTINA","35","201905"
"2080990","HOSPITAL ESPIRITA DE MARILIA","35","201905"
"2081059","HOSPITAL MUNICIPAL DE PAULINIA","35","201904"
"2081083","SANTA CASA DE ASSIS","35","201905"
"2081091","HOSPITAL MUNICIPAL DE ITAPIRA","35","201905"
"2081105","SANTA CASA DE VALPARAISO","35","201905"
"2081113","HOSPITAL SANTA FILOMENA DE RIO CLARO","35","201905"
"2081148","HOSPITAL UNIVERSITARIO I DE MARILIA","35","201001"
"2081164","HOSPITAL SANTA LYDIA RIBEIRAO PRETO","35","201905"
"2081202","HOSPITAL E MATERNIDADE SAO LUCAS","35","201905"
"2081229","SANTA CASA DE PARAPUA","35","201905"
"2081237","HOSPITAL SAO PAULO DE RINOPOLIS","35","201904"
"2081245","SANTA CASA DE SUD MENNUCCI","35","201903"
"2081253","HOSPITAL SAO LUIZ DE ARARAS","35","201905"
"2081261","HOSPITAL SAO LUIZ","35","201905"
"2081296","HOSPITAL JOAO DEPIERI DE CAJOBI","35","201905"
"2081318","HOSPITAL VALE DO RIO GRANDE","35","200810"
"2081326","HOSPITAL BOM JESUS DE TREMEMBE","35","201305"
"2081342","HOSPITAL SAO LOURENCO","35","201905"
"2081350","HOSPITAL DE PIRAJU","35","201905"
"2081377","SANTA CASA DE VOTUPORANGA","35","201905"
"2081385","SANTA CASA DE TUPI PAULISTA","35","201905"
"2081393","HOSPITAL SANTA ROSA DE LIMA DE SERRA NEGRA","35","201905"
"2081407","UNIDADE MISTA DE SAUDE DE JARINU MONSENHOR JACOB CONTI","35","201905"
"2081431","SANTA CASA DE LUCELIA","35","201905"
"2081458","SANTA CASA DE LIMEIRA","35","201905"
"2081466","HOSPITAL NOSSA SENHORA DA DIVINA PROVIDENCIA","35","201905"
"2081474","HOSPITAL MENTAL SOROCABA","35","201407"
"2081482","BOLDRINI CAMPINAS","35","201905"
"2081490","HOSPITAL MUNICIPAL DR MARIO GATTI CAMPINAS","35","201905"
"2081504","HOSPITAL DIA E UNIDADE DE INFECTOLOGIA WILLIAN ROCHA","35","200802"
"2081512","SANTA CASA DE MISERICORDIA DE GUARATINGUETA","35","201905"
"2081520","HOSPITAL E MATERNIDADE DE GUARACAI","35","201905"
"2081547","HOSPITAL PSIQUIATRICO SANTA CRUZ SALTO DE PIRAPORA","35","201811"
"2081555","SANTA CASA DE MISERICORDIA DE ITARARE","35","201905"
"2081563","CLINICA DE REPOUSO SANTA ROSA ESPIRITO SANTO DO PINHAL","35","201905"
"2081571","SANTA CASA DE RIOLANDIA","35","201905"
"2081598","SANTA CASA DE MISERICORDIA SAO LUCAS","35","201905"
"2081644","HOSPITAL FREI GALVAO","35","201905"
"2081652","SANTA CASA DE GENERAL SALGADO","35","201905"
"2081660","SANTA CASA DE IPAUCU","35","201905"
"2081695","CONJUNTO HOSPITALAR SOROCABA","35","201905"
"2081717","SANTA CASA DESCALVADO","35","201905"
"2081725","CAIS CLEMENTE FERREIRA DE LINS","35","201905"
"2081733","SEARA HOSPITAL PSIQUIATRICO","35","201905"
"2081768","SANTA CASA DE AURIFLAMA","35","201905"
"2081784","HOSPITAL SANTA THEREZINHA BROTAS","35","201905"
"2081792","SANTA CASA DE MACAUBAL","35","201904"
"2081806","HOSPITAL PADRE JOAO W BRAEM","35","201905"
"2081814","SANTA CASA DE GUARARAPES","35","201905"
"2081857","UNIDADE MISTA DE IGUAPE","35","201509"
"2081873","HOSPITAL E MATERNIDADE DE RANCHARIA","35","201905"
"2081903","HOSPITAL DE CARIDADE DE VARGEM GRANDE DO SUL","35","201904"
"2081946","CASA DE SAUDE CAMPINAS","35","201509"
"2081970","HOSP MUN DR ARTHUR RIBEIRO DE SABOYA","35","201905"
"2081989","HOSPITAL SAO SEBASTIAO DE BORBOREMA","35","201905"
"2082071","SANTA CASA DE CARDOSO","35","201905"
"2082098","HOSPITAL DR ADHEMAR DE BARROS APIAI","35","201905"
"2082128","HOSPITAL E MATERNIDADE CELSO PIERRO","35","201905"
"2082160","HOSPITAL FELICIO LUCHINI BIRIGUI","35","201503"
"2082179","HOSPITAL SAO FRANCISCO DE AMERICANA","35","201905"
"2082187","HOSPITAL DAS CLINICAS FAEPA RIBEIRAO PRETO","35","201905"
"2082195","BENEFICENCIA PORTUGUESA DE AMPARO","35","201905"
"2082209","PS E MATERNIDADE NAIR FONSECA LEITAO ARANTES","35","201905"
"2082225","HOSPITAL KATIA DE SOUZA RODRIGUES TAIPASSP SAO PAULO","35","201905"
"2082233","SANATORIO ISMAEL","35","201211"
"2082276","CASAS ANDRE LUIZ GUARULHOS","35","201905"
"2082284","SANTA CASA DE GRAMA","35","201905"
"2082292","HOSPITAL LACAN","35","201408"
"2082306","SANTA CASA DE CASA BRANCA","35","201905"
"2082322","HOSPITAL DONA BALBINA","35","201904"
"2082349","HOSPITAL DE CLINICAS DR RADAMES NARDINI","35","201905"
"2082381","HOSPITAL MUNICIPAL DE BEBEDOURO JULIA PINTO CALDEIRA","35","201905"
"2082411","HOSPITAL MUNICIPAL DR GUIDO GUIDA","35","201904"
"2082438","SANTA CASA DE CHAVANTES","35","201905"
"2082446","CLINICA NOSSO LAR ADAMANTINA","35","201905"
"2082454","CASA DA CRIANCA DE TUPA","35","201905"
"2082470","CLINICA SAYAO ARARAS","35","201905"
"2082497","SANTA CASA HOSPITAL JESUS MARIA JOSE","35","201905"
"2082519","SANTA CASA DE PARAGUACU PAULISTA","35","201905"
"2082527","SANTA CASA DE ARARAQUARA","35","201905"
"2082551","SANTA CASA DE IBIRA","35","201905"
"2082578","SANTA CASA DE IACRI","35","201611"
"2082586","SANTA CASA DE MISERICORDIA DE OSVALDO CRUZ","35","201905"
"2082594","COMPLEXO HOSPITALAR MARCIA E MARIA BRAIDO","35","201905"
"2082616","HOSPITAL PSIQUIATRICO VERA CRUZ SOROCABA","35","201802"
"2082624","HOSP STA CRUZ","35","201902"
"2082632","HOSPITAL E MATERNIDADE SAO JOSE BARRA BONITA","35","201904"
"2082640","SANTA CASA DE CARIDADE E MATERNIDADE IBITINGA","35","201905"
"2082659","SANTA CASA DE NOVA GRANADA","35","201905"
"2082667","SANTA CASA DE MONTE APRAZIVEL","35","201905"
"2082675","ASSOCIACAO DE AMPARO AO EXCEPCIONAL RITINHA PRATES","35","201905"
"2082683","HOSPITAL BENEDITA FERNANDES ARACATUBA","35","201511"
"2082691","SANTA CASA DE ANDRADINA","35","201905"
"2082721","HOSPITAL E MATERNIDADE SOTERO DE SOUZA","35","201905"
"2082748","HOSPITAL ANGATUBA","35","201905"
"2082756","SANTA CASA DE SALTO GRANDE","35","201905"
"2082780","BENEFICENCIA HOSPITALAR DE CESARIO LANGE","35","201905"
"2082810","CONDERG HOSPITAL REGIONAL DE DIVINOLANDIA","35","201905"
"2082829","HOSP MUN PROFESSOR DR ALIPIO CORREA NETTO","35","201905"
"2082845","SANTA CASA DE OLIMPIA","35","201905"
"2082853","HOSPITAL MAJOR ANTONIO CANDIDO BATATAIS","35","201905"
"2082861","HOSP MUNICIPAL DE URGENCIAS HMU","35","201905"
"2082888","SANTA CASA DE RIO CLARO","35","201905"
"2082918","CLINICA PSIQUIATRICA SALTO DE PIRAPORA","35","201807"
"2082926","CASA DE SAUDE STELLA MARIS","35","201905"
"2082934","SANTA CASA DE MISERICORDIA DE TAGUAI","35","201904"
"2082942","SANTA CASA DE MACATUBA","35","201905"
"2082993","PRONTO SOC HOSPMUNBIRITIBA MIRIM DRARTHUR ALBERTO NARDY","35","200812"
"2083019","HOSPITAL ESTADUAL DE MIRANDOPOLIS DR OSWALDO BRANDI FARIA","35","201905"
"2083027","SANTA CASA DE MISERICORDIA DE PEREIRA BARRETO","35","201905"
"2083051","SANTA CASA DE APARECIDA","35","201905"
"2083086","HOSPITAL AMARAL CARVALHO JAU","35","201905"
"2083094","HOSPITAL REGIONAL DE ASSIS","35","201905"
"2083116","SANTA CASA DE MARILIA","35","201905"
"2083140","SANTA CASA DE SANTA ISABEL","35","201905"
"2083159","BEZERRA DE MENEZES RIO CLARO","35","201905"
"2083167","HOSPITAL TEIXEIRA LIMA SOROCABA","35","201506"
"2083175","SANTA CASA PIEDADE","35","201905"
"2083183","BENEFICENCIA HOSPITALAR DE MAIRINQUE MAIRINQUE","35","200908"
"2083213","HOSPITAL TERRA ROXA","35","201905"
"2083221","CLINICA DE REPOUSO DOM BOSCO","35","201710"
"2083264","HOSPITAL MUNICIPAL JOAQUIM RAIMUNDO GOMES GUAPIARA","35","201905"
"2083272","HOSPITAL MUNICIPAL DE BERTIOGA","35","201905"
"2083493","SANTA CASA DE PONTAL","35","201905"
"2083604","SANTA CASA DE AVARE","35","201905"
"2083876","SANTA CASA DE FRANCISCO MORATO","35","201905"
"2083973","SANTA CASA DE GUARA","35","201904"
"2083981","HOSPITAL ESTADUAL SUMARE","35","201905"
"2084007","UNIDADE MISTA DE SAUDE DR JOSE ORLANDO S BORGATTO","35","201905"
"2084023","HOSPITAL MUNICIPAL DE NAZARE PAULISTA","35","201905"
"2084058","SANTA CASA MISER STACRUZ RIO PARDO","35","201905"
"2084074","HOSP MARIA VALLE PEREIRA DE TABAPUA","35","201905"
"2084139","HOSP MUN DR BENEDICTO MONTENEGRO","35","201905"
"2084147","HOSPITAL DA REABILITACAO DO ABC","35","201012"
"2084163","HOSPITAL ESTADUAL DE DIADEMA HOSPITAL SERRARIA","35","201905"
"2084171","HOSPITAL E MATERNIDADE SAO JOSE SERTAOZINHO","35","201905"
"2084198","CEDEME CENTRO DESENVOLV PORTADOR DEFICIENCIA MENTAL ITU","35","201902"
"2084228","SANTA CASA DE MISERICORDIA DONA CAROLINA MALHEIROS SJBV","35","201905"
"2084236","CENTRO ESP EM REABILITACAO DR ARNALDO PEZZUTI CAVALCANTI MOG","35","201905"
"2084244","IRPSI","35","201905"
"2084252","SOBRAPAR CAMPINAS","35","201905"
"2084279","CLINICA CRISTALIA ITAPIRA","35","201603"
"2084287","SANTA CASA DE MISERICORDIA DE ITAPIRA","35","200801"
"2084309","CASA DE SAUDE E MATER N S APARECIDA VOTUPORANGA","35","200811"
"2084317","CLINICA FAZENDA PALMEIRAS","35","201905"
"2084384","INSTITUTO BEZERRA DE MENEZES ESPIRITO SANTO DO PINHAL","35","201905"
"2084414","SANTA CASA DE RIBEIRAO PRETO","35","201905"
"2084422","SANTA CASA DE SAO PEDRO","35","201905"
"2084430","HOSPITAL E MATERNIDADE MADRE VANNINI CONCHAL SP","35","201905"
"2084465","HOSPITAL JARDIM DAS ACACIAS SOROCABA","35","201402"
"2084473","HOSP MUN DR IGNACIO PROENCA DE GOUVEA","35","201905"
"2085143","INSTITUTO AMERICO BAIRRAL DE PSIQUIATRIA","35","201905"
"2085194","HOSPITAL SAO FRANCISCO DE ASSIS","35","201905"
"2085569","CVV FRANCISCA JULIA","35","201905"
"2085577","HOSPITAL ARGIA PROVISAO","35","201905"
"2085976","UNIDADE MISTA DE SAUDE ROSA SANTA PASIN AGUIAR","35","201905"
"2086050","MATERNIDADE GOTA DE LEITE","35","201905"
"2086263","ANEXO PSIQUIATRICO IRMA VALENTINA","35","201801"
"2086271","MATERNIDADE MUNICIPAL ZORAIDE EVA DAS DORES","35","201905"
"2086336","HOSPITAL E MATERNIDADE MAIRIPORA","35","201905"
"2086719","SANTA CASA DE MISERICORDIA DE JOANOPOLIS","35","201905"
"2087057","HOSPITAL DOS FORNECEDORES DE CANA DE PIRACICABA","35","201905"
"2087103","SOCIEDADE OPERARIA HUMANITARIA LIMEIRA","35","201905"
"2087111","IRMANDADE DA SANTA CASA DE MISERICORDIA LORENA","35","201905"
"2087219","HOSPITAL DE CLINICAS CAMPO LIMPO PAULISTA","35","201905"
"2087324","UNIDADE HOSPITALAR DE PERUIBE","35","201408"
"2087618","HOSPITAL MUNICIPAL DE VOTORANTIM","35","201905"
"2087642","UNIDADE MISTA DE SAUDE MONS CID FRANCA SANTOS","35","201905"
"2087715","HOSPITAL E MATERNIDADE MUNICIPAL GOVERNADOR MARIO COVAS","35","201905"
"2087804","HOSPITAL REGIONAL JORGE ROSSMANN DE ITANHAEM","35","201905"
"2088193","IRMANDADE DA STA CASA DE MISERICORD DE MOGI MIRIM MOGI MIRIM","35","201905"
"2088487","SANTA CASA DE NOVO HORIZONTE","35","201905"
"2088495","INSTITUTO DANTE PAZZANESE DE CARDIOLOGIA IDPC SAO PAULO","35","201905"
"2088517","HOSPITAL INFANTIL CANDIDO FONTOURA SAO PAULO","35","201905"
"2088525","SANTA CASA DE MIGUELOPOLIS","35","201905"
"2088576","HOSP DE TRANSPLANT DO EST DE SP EURYCLIDES DE JESUS ZERBINI","35","201905"
"2089203","CASA DE SAUDE DE SAO JOAO DE DEUS","35","201611"
"2089327","HOSPITAL PADRE ALBINO CATANDUVA","35","201905"
"2089335","HOSP ESCOLA EMILIO CARLOS CATANDUVA","35","201905"
"2089432","HOSPITAL SANTA MONICA ITAPECERICA DA SERRA","35","201512"
"2089548","SANTA CASA DE PITANGUEIRAS","35","201905"
"2089572","ASSOC CRUZ VERDE","35","201905"
"2089602","HOSPITAL SEPACO","35","201503"
"2089637","CASA DE SAUDE NSRA DO CAMINHO","35","201606"
"2089696","HOSPITAL GRAACC INSTITUTO DE ONCOLOGIA PEDIATRICA IOP","35","201905"
"2089777","HOSP NIPO BRASILEIRO","35","201503"
"2089785","HOSPITAL DO RIM E HIPERTENSAO","35","201905"
"2090171","UNIDADE HOSPITALAR DR JOSE NIGRO NETO AMERICO BRASILIENSE","35","201905"
"2090236","FUNDACAO PIO XII BARRETOS","35","201905"
"2090309","CENTRO DE ATENCAO INTEGRAL A SAUDE CANTIDIO DE MOURA CAMPOS","35","201905"
"2090333","SANTA CASA DE CERQUEIRA CESAR","35","201905"
"2090376","HOSPITAL MUNICIPAL JULIO RODRIGUES DE PAULA COLOMBIA","35","201905"
"2090619","UNIDADE MISTA DE SAUDE ANTONIA RAMOS PRIANTI","35","201812"
"2090724","SANTA CASA ITABERA","35","201411"
"2090961","HOSPITAL CARLOS FERNANDO MALZONI MATAO","35","201905"
"2091097","HOSPITAL SAO JOSE PARANAPANEMA","35","201007"
"2091267","SANTA CASA SANTA RITA DO PASSA QUATRO","35","201905"
"2091275","CAIS CENTRO ATENCAO INTEGRAL SAUDE SANTA RITA PASSA QUATRO","35","201905"
"2091305","H O REDENTORA HOSPITAL DE OLHOS","35","201905"
"2091313","HOSPITAL REGIONAL SUL SAO PAULO","35","201905"
"2091356","HOSPITAL VITAL BRAZIL SAO PAULO","35","201905"
"2091399","ASSOCIACAO NOSSA SENHORA DO PARI","35","201905"
"2091542","AME MARIA ZELIA AMB MED ESPECIALIDADES MARIA ZELIA","35","201905"
"2091550","INST CEMA DE OFTALMOLOGIA E OTORRINOLARINGOLOGIA","35","201905"
"2091577","CENTRO DE OFTALMOLOGIA TADEU CVINTAL","35","201801"
"2091585","HOSPITAL ESTADUAL DE SAPOPEMBA SAO PAULO","35","201905"
"2091623","CLINICA CHARCOT","35","200808"
"2091658","HOSPITAL DIA DA REDE HORA CERTA M BOI MIRIM I","35","201905"
"2091666","COMPLEXO DE SAUDE DR WLADIMIR ARRUDA","35","201403"
"2091755","HOSPITAL GERAL DE VILA PENTEADO DR JOSE PANGELLA SAO PAULO","35","201905"
"2091763","HOSP VERA CRUZ","35","200901"
"2091801","HOSP PS COMUNITARIO V IOLANDA","35","200901"
"2092093","HOSPITAL E MATERNIDADE SAO VICENTE DE PAULO VIRADOURO","35","201905"
"2092107","HOSPITAL DE CLINICAS DE FRANCO DA ROCHA FRANCO DA ROCHA","35","201504"
"2092298","SANTA CASA DE ITU","35","201905"
"2092395","HOSPITAL MUNICIPAL IBATE","35","201905"
"2092611","SANTA CASA DE BARRETOS","35","201905"
"2092638","SANTA CASA DE FARTURA","35","201905"
"2092980","HOSPITAL DE BASTOS","35","201905"
"2093022","PRONTO DE ATENDIMENTO ELDORADO S P","35","201307"
"2093030","HOSPITAL SANTO ANTONIO DE JUQUIA JUQUIA","35","201709"
"2093197","HOSPITAL MUNICIPAL DE JANDIRA","35","201611"
"2093227","IRMANDADE DA SANTA CASA DE MISERICORDIA DE ITAI","35","201901"
"2093324","SANTA CASA DE FERNANDOPOLIS","35","201905"
"2093332","SANTA CASA DE SANTA FE DO SUL","35","201905"
"2093405","INAMEX NHANDEARA","35","201905"
"2093502","HOSPITAL SAO DOMINGOS NA PROV DE DEUS NHANDEARA","35","201905"
"2095912","HOSPITAL JOSE VENANCIO","35","201905"
"2096196","HOSPITAL ENF ANTONIO POLICARPO DE OLIVEIRA","35","201905"
"2096412","SANTA CASA DE MISERICORDIA DE JACAREI","35","201905"
"2096463","SANTA CASA DE MOGI GUACU","35","201905"
"2096498","HOSPITAL MUNICIPAL DR TABAJARA RAMOS","35","201905"
"2096617","HOSPITAL ASSISTENCIAL MARIA CAVALOTTI NEVES POTIRENDABA","35","201905"
"2096625","HOSPITAL SAO JOAO PRESIDENTE PRUDENTE","35","201512"
"2097605","HOSPITAL IELAR","35","201704"
"2097613","HOSPITAL INFANTE D HENRIQUE","35","201905"
"2097648","HOSPITAL BEZERRA DE MENEZES","35","201905"
"2097656","HORP HOSPITAL DO OLHO RIO PRETO","35","201401"
"2097877","IRMANDADE DA SANTA CASA DE MISERICORDIA DE VALINHOS","35","201905"
"2688433","SANTA CASA DE MISERICORDIA DE BRAGANCA PAULISTA","35","201905"
"2688514","HOSPITAL PSIQUIATRICO DE VILA MARIANA","35","201905"
"2688522","CASA DE DAVID SAO PAULO","35","201905"
"2688573","HOSPITAL GERAL DE VILA NOVA CACHOEIRINHA SAO PAULO","35","201905"
"2688638","INST SUEL ABUJAMRA","35","201905"
"2688689","SANTA CASA DE SAO PAULO HOSPITAL CENTRAL SAO PAULO","35","201905"
"2698374","HOSPITAL DE MISERICORDIA NOSSA SENHORA APARECIDA","35","201905"
"2698463","SECAO HOSPITAL E MATERNIDADE MUNICIPAL DR SILVERIO FONTES","35","201905"
"2698471","SECAO HOSPITAL MUNICIPAL DR ARTHUR DOMINGUES PINTO","35","201905"
"2698625","UNIDADE MISTA DE SAUDE DE BURI","35","200910"
"2699915","SANTA CASA DE VINHEDO","35","201905"
"2700204","HOSPITAL MUNICIPAL DE CONCHAS","35","200912"
"2701561","INSTITUTO JUNDIAIENSE LUIZ BRAILLE UNIDADE I","35","201905"
"2702193","SANTA CASA DE MISERICORDIA DE UBATUBA","35","201905"
"2704900","HOSPITAL UNIVERSITARIO SAO FRANCISCO NA PROVIDENCIA DE DEUS","35","201905"
"2705222","SANTA CASA DE MOCOCA MOCOCA","35","201905"
"2705249","HOSPITAL MUNICIPAL MARIA ROSA CARDOSO","35","201905"
"2705982","SANTA CASA DE FRANCA","35","201905"
"2706245","UNIDADE DE PRONTO ATENDIMENTO DE FRANCO DA ROCHA UPA II","35","201410"
"2707209","SECAO CENTRO DE REFERENCIA EM AIDS SECRAIDS","35","201604"
"2708558","HOSPITAL EVANGELICO DE SOROCABA","35","201504"
"2708566","HOSPITAL UNIMED DE SOROCABA DR MIGUEL VILLA NOVA SOEIRO","35","201905"
"2708760","POLICLINICA MUNICIPAL DR EDWARD MALUF SOROCABA","35","201905"
"2708779","SANTA CASA DE SOROCABA","35","201905"
"2716089","HOSPITAL DIA EM AIDS","35","201102"
"2716097","COMPLEXO HOSPITALAR IRMA DULCE O S S","35","201905"
"2716275","HOSP E MAT MAE DIV AMOR PROV DEUS MIRASSOL","35","201905"
"2716291","HOSPITAL JOAO VELLOSO","35","201905"
"2716593","HOSPITAL DE MISERICORDIA ALTINOPOLIS","35","201904"
"2716801","HOSPITAL DA CRIANCA GRENDACC","35","201905"
"2716852","HOSPITAL SAO FRANCISCO MARILIA","35","200903"
"2745356","CLINICA ANDRE LUIZ","35","201905"
"2745402","SANTA CASA DE MISERICORDIA DE FLORIDA PAULISTA","35","201905"
"2745798","HOSPITAL BENEFICENTE SANTO ANTONIO ORLANDIA","35","201905"
"2745801","HOSPITAL SAO MARCOS MORRO AGUDO","35","201905"
"2746220","COMPLEXO HOSPITALAR JUQUERY FRANCO DA ROCHA","35","201905"
"2746298","SANTA CASA DE SANTA ROSA DE VITERBO","35","201905"
"2747022","CASA DE SAUDE SANTA EMILIA DOURADO","35","201009"
"2747685","SANTA CASA DE MISERICORDIA NOVA EUROPA","35","201904"
"2747693","SANTA CASA DE MISERICORDIA RIBEIRAO BONITO","35","201905"
"2747871","HOSPITAL MARIO COVAS JUNIOR","35","201905"
"2748010","SANTA CASA DE PARAIBUNA","35","201501"
"2748029","SANTA CASA DE MISERICORDIA DE SAO JOSE DOS CAMPOS","35","201905"
"2748223","HOSPITAL DAS CLINICAS DA FACULDADE DE MEDICINA DE BOTUCATU","35","201905"
"2748231","HOSPITAL REGIONAL DE BOTUCATU","35","201106"
"2748320","HOSPITAL MUNICIPAL JORGE CURY DE SANTA MARIA DA SERRA","35","201608"
"2748436","HOSP MAT BENEF DE CHARQUEADA","35","201905"
"2748568","SANTA CASA DE CAPIVARI","35","201905"
"2749033","CENTRO DE REABILITACAO DE CASA BRANCA","35","201905"
"2749149","SANTA CASA DE MISERICORDIA DE TAMBAU","35","201905"
"2749319","HOSPITAL MUNICIPAL UNIVERSITARIO DE TAUBATE","35","201905"
"2750511","HOSPITAL ESTADUAL DR ODILO ANTUNES DE SIQUEIRA P PRUDENTE","35","201905"
"2750538","HOSPITAL MUNICIPAL DE IEPE","35","201905"
"2750546","HOSPITAL ESTADUAL PORTO PRIMAVERA ROSANA","35","201905"
"2750554","HOSPITAL STA MARIA DE PIRAPOZINHO","35","201412"
"2750988","SANTA CASA DE DRACENA","35","201905"
"2751003","SANTA CASA DE JUNQUEIROPOLIS","35","201905"
"2751011","SANTA CASA MISERICORDIA PADRE JOAO SCHNEIDER MARTINOPOLIS","35","201903"
"2751038","SANTA CASA DE PRESIDENTE EPITACIO","35","201905"
"2751046","SANTA CASA DE SANTO ANASTACIO","35","201905"
"2751569","SANTA CASA DE MISERICORDIA DE CERQUILHO","35","201905"
"2751623","HOSPITAL FRANCISCO ROSAS E S PINHAL SP","35","201905"
"2751674","HOSPITAL E MATERNIDADE NOSSA SENHORA DAS GRACAS","35","201903"
"2751704","SANTA CASA DE MISERICORDIA DE ITUVERAVA","35","201812"
"2751747","SANTA CASA DE MAUA","35","201809"
"2751852","HOSPITAL DIA DA REDE HORA CERTA VILA PRUDENTE","35","201905"
"2751860","HD DA REDE HORA CERTA IPIRANGA FLAVIO GIANNOTTI","35","201904"
"2751925","HOSPITAL DIA DA REDE HORA CERTA CIDADE ADEMAR","35","201905"
"2751933","HOSPITAL DIA DA REDE HORA CERTA PENHA MAURICE PATE","35","201905"
"2751976","HOSPITAL DIA DA REDE HORA CERTA SAO MIGUEL TITO LOPES","35","201905"
"2752077","HOSP DO SERV PUB MUNICIPAL HSPM","35","201905"
"2754843","HOSPITAL SANTO AMARO","35","201905"
"2754908","AMBULATORIO DE SAUDE MENTAL E HOSP DIA NICANOR P DE GODOY","35","201701"
"2755092","SANTA CASA DE PINDAMONHANGABA","35","201905"
"2755130","HOSPITAL DOMINGOS LEONARDO CERAVOLO PRESIDENTE PRUDENTE","35","201905"
"2758245","SANTA CASA DE LINS","35","201905"
"2765934","HOSPITAL DE CLINICAS DE SAO SEBASTIAO","35","201905"
"2765942","HOSPITAL SANTA LUCINDA SOROCABA","35","201905"
"2766167","HOSPITAL E MATERNIDADE SAO VICENTE DE PAULO RIO DAS PEDRAS","35","201905"
"2772310","SANTA CASA DE PIRACICABA","35","201905"
"2773171","HOSPITAL DO CANCER DR FLAVIO ISAIAS RODRIGUES MOGI DAS CRUZE","35","201204"
"2773333","SANTA CASA DE GUARAREMA","35","201905"
"2774720","HOSPITAL DE AGUDOS","35","201905"
"2784602","HOSPITAL AUGUSTO DE OLIVEIRA CAMARGO","35","201905"
"2785188","UNIDADE MISTA DE TABOAO DA SERRA","35","201905"
"2785382","SANTA CASA DE PIRASSUNUNGA","35","201905"
"2786435","HCSVP HOSPITAL SAO VICENTE","35","201905"
"2786680","HOSP MUN FERNANDO MAURO PIRES DA ROCHA","35","201905"
"2789345","UMI ANA FERNANDES DE FREITAS ANA PARTEIRA GUARUJA","35","200812"
"2790556","HOSPITAL DE BASE DE BAURU","35","201905"
"2790564","HOSPITAL DE REABILITACAO DE ANOMALIAS CRANIOFACIAIS BAURU","35","201905"
"2790580","MATERNIDADE SANTA ISABEL","35","201905"
"2790599","HOSPITAL E MATERNIDADE SAO CAMILO IGARACU TIETE","35","201211"
"2790602","HOSPITAL ESTADUAL BAURU","35","201905"
"2790610","HOSPITAL GERAL PREFEITO MIGUEL MARTIN GUALDA DE PROMISSAO","35","201905"
"2790637","HOSPITAL SANTA LUZIA DUARTINA","35","201904"
"2790653","HOSPITAL TEREZA PERLATTI JAU","35","201905"
"2790661","HOSPITAL UNIMED DE BAURU","35","201204"
"2790734","INSTITUTO LAURO DE SOUZA LIMA BAURU","35","201905"
"2790998","LAR IRMA DULCE NA PROVIDENCIA DE DEUS PIRAJUI","35","201905"
"2791668","SANTA CASA DE AREALVA","35","201905"
"2791676","SANTA CASA DE BARIRI","35","201905"
"2791684","SANTA CASA DE CAFELANDIA","35","201905"
"2791692","SANTA CASA DE DOIS CORREGOS","35","201905"
"2791706","SANTA CASA DE GETULINA","35","201711"
"2791714","SANTA CASA DE IACANGA","35","201905"
"2791722","SANTA CASA DE JAU","35","201905"
"2791730","SANTA CASA DE MISERICORDIA DE BOCAINA","35","201905"
"2791749","SANTA CASA DE PEDERNEIRAS","35","201905"
"2791757","SANTA CASA DE PIRATININGA","35","201905"
"2791773","CENTRO DE REFERENCIA MODULO I SAE II ADT III HD","35","201905"
"2792141","HOSPITAL REGIONAL DE COTIA","35","201905"
"2792168","HOSPITAL GERAL DE CARAPICUIBA","35","201905"
"2792176","HOSPITAL GERAL DE ITAPECERICA DA SERRA","35","201905"
"2798239","HOSPITAL SAO JOSE ITIRAPINA","35","201905"
"2798298","SANTA CASA DE MISERICORDIA DE SAO JOSE DO RIO PRETO","35","201905"
"2801051","PRONTO SOCORRO CENTRAL DE DIADEMA","35","201905"
"2812703","FUNDACAO FACULDADE DE MEDICINAHCFMUSP INST DE PSIQUIATRIA SP","35","201905"
"3001466","CENTRO HOSPITALAR DO SISTEMA PENITENCIARIO SAO PAULO","35","201905"
"3012212","HU HOSPITAL UNIVERSITARIO","35","201905"
"3021378","HOSPITAL MUNICIPAL DE SAO VICENTE","35","201905"
"3028399","HOSPITAL ESTADUAL PROF CARLOS DA SILVA LACAZ FCO MORATO","35","201905"
"3105571","STS ESTETICLIN","35","200810"
"3126838","HOSPITAL REGIONAL DO VALE DO PARAIBA","35","201905"
"3139050","HOSPITAL DR LEO ORSI BERNARDES ITAPETININGA","35","201905"
"3212130","HOSP MUN VER JOSE STOROPOLLI","35","201905"
"3223728","SANTA CASA DE MISERICORDIA DE SAO BERNARDO DO CAMPO","35","201905"
"3254631","FUNDACAO PENIDO BURNIER CAMPINAS","35","201905"
"3314766","HOSPITAL ELECTRO BONINI RIBEIRAO PRETO","35","201905"
"3345327","KAISER CLINICA","35","201904"
"3346072","HOSPITAL DE OLHOS DO VALE","35","201903"
"3539113","HOSPITAL DE SAO ROQUE","35","200903"
"3708608","UPA EUGENIO DE MELO","35","201312"
"3753433","HOSPITAL LEONOR MENDES DE BARROS","35","201905"
"3774554","HOSPITAL E MATERNIDADE MUNICIPAL N S DO MONTE SERRAT","35","201905"
"3825752","PRONTO SOCORRO PESTANA P S ANDRE SACCO","35","201905"
"3828107","PRONTO SOCORRO DR OSMAR MESQUITA","35","201905"
"3949621","HOSPITAL MUNICIPAL DR AUCIPIO DA SILVA OLIVEIRA JUNIOR","35","201905"
"4047613","PRONTO SOCORRO DA VILA DIRCE","35","201905"
"4047966","HOSPITAL INFANTIL DE DIADEMA","35","200804"
"4048660","UMS DE JUQUITIBA","35","200802"
"4049020","SANTA CASA DE OURINHOS","35","201905"
"5033543","CASA TRANSITORIA ANDRE LUIZ","35","201905"
"5130883","IEYES INSTITUTO DOS OLHOS","35","201905"
"5170958","IOM HOSPITAL DIA","35","201905"
"5200105","HOSPITAL MUNICIPAL PIMENTAS BONSUCESSO MANUEL DE PAIVA","35","201905"
"5366828","SANTA CASA DE ATIBAIA","35","201905"
"5420938","HOSP MUN CARMEN PRUDENTE","35","201905"
"5437156","HOSPITAL LOCAL DE SAPOPEMBA","35","201905"
"5451612","INSTITUTO DE REABILITACAO LUCY MONTORO","35","201905"
"5466601","CONSAUDE PEDREIRA","35","201310"
"5472040","PRONTO SOCORRO ALVARENGA","35","201207"
"5586348","HOSPITAL UNIVERST DA UFSCAR PROF DR HORACIO C PANEPUCCI","35","201905"
"5674042","PRONTO ATENDIMENTO PAULICEIA","35","201107"
"5674050","PRONTO ATENDIMENTO DEMARCHI","35","201007"
"5674085","PRONTO ATENDIMENTO SILVINA","35","201306"
"5718368","HOSP MUN M BOI MIRIM","35","201905"
"5851084","QUARTEIRAO DA SAUDE","35","201905"
"5860490","HOSPITAL UNIVERSITARIO DE MARILIA","35","201905"
"5869412","CENTRO DE TRATAMENTO FABIANA MACEDO DE MORAIS","35","201905"
"5887623","HOSPITAL ESTADUAL DE RIB PRETO DR CARLOS EDUARDO MARTINELLI","35","201905"
"5932696","PS FENELON GUEDES PEREIRA","35","201903"
"5935857","HOSPITAL MUNICIPAL DE EMERGENCIAS ALBERT SABIN","35","201905"
"6020917","HOSPITAL DA MULHER MARIA JOSE DOS SANTOS STEIN","35","201905"
"6024688","PSI PRONTO SOCORRO INFANTIL DE TABOAO DA SERRA","35","201905"
"6053858","COMPLEXO HOSPITALAR PREFEITO EDIVALDO ORSI","35","201905"
"6095666","HOSPITAL MUNICIPAL DE BARUERI DR FRANCISCO MORAN","35","201905"
"6123740","INSTITUTO DO CANCER DO ESTADO DE SAO PAULO","35","201905"
"6135749","HOSPITAL DIA DA REDE HORA CERTA MOOCA","35","201905"
"6136028","HOSPITAL DIA DA REDE HORA CERTA ITAIM PAULISTA","35","201905"
"6164366","HOSPITAL ESTADUAL AMERICO BRASILIENSE","35","201905"
"6212581","AME AMBULATORIO MED DE ESPECIALIDADES STA BARBARA DOESTE","35","201905"
"6233848","AME AMBULATORIO MEDICO DE ESPECIALIDADES DE CARAGUATATUBA","35","201905"
"6236596","HOSPITAL ESTADUAL JOAO PAULO II SAO JOSE DO RIO PRETO","35","201905"
"6284582","AME PIRACICABA DR OSWALDO CAMBIAGHI","35","201905"
"6289304","AME AMBULATORIO MEDICO DE ESPECIALIDADES BARRETOS","35","201905"
"6291635","CENTRO OFTALMOLOGICO DE REFERENCIA","35","201308"
"6391869","HOSP DIA DA RHC SAO MATEUS DR HENRIQUE C GONCALVES","35","201905"
"6418651","UPA SAO PEDRO","35","201408"
"6421822","HOSPITAL DE CONCHAS","35","201112"
"6451098","HOSPITAL DALILA FERREIRA BARBOSA","35","201905"
"6452302","SANTA CASA DE QUELUZ","35","201706"
"6479200","AME DR LUIZ ROBERTO BARRADAS BARATA SAO PAULO","35","201905"
"6535798","UPA DEMARCHI BATISTINI","35","201408"
"6585019","UNAD UNIDADE DE ATENDIMENTO AO DEPENDENTE","35","201503"
"6591620","PRONTO ATENDIMENTO INFANTIL","35","201905"
"6603378","HOSPITAL MUNICIPAL LEONARDUS VAN MELLIS","35","201905"
"6607667","UPA UNIAO ALVARENGA","35","201408"
"6650864","UPA RIACHO GRANDE","35","201408"
"6655416","AME SANTO ANDRE DR NEWTON DA COSTA BRANDAO","35","201905"
"6669727","AME AMBULATORIO MEDICO DE ESPECIALIDADES DE FRANCA","35","201905"
"6680968","HOSPITAL MUNICIPAL SANTO ANTONIO","35","201905"
"6719287","SANTA CASA DE SUZANO UNIDADE II","35","201303"
"6817203","HOSPITAL DE CLINICAS CAIEIRAS","35","201408"
"6821197","UPA PAULICEIA TABOAO","35","201408"
"6844596","UPA BAETA NEVES","35","201408"
"6878687","HOSPITAL ESTADUAL DR ALBANO DA FRANCA ROCHA SOBRINHO","35","201905"
"6891411","IBCC UNIDADE JACANA","35","201905"
"6919456","UPA ZAIRA","35","201607"
"6921795","HOSPITAL DE CONCHAS","35","201302"
"6938361","UNIDADE HOSPITALAR MUNICIPAL DE SAO CAETANO DO SUL","35","201302"
"6943284","MATERNIDADE GOTA DE LEITE DE ARARAQUARA","35","201905"
"6950043","UPA VILA ASSIS","35","201703"
"6950051","UPA MAGINI CENTRO","35","201703"
"6966594","HOSPITAL E MATERNIDADE MUNICIPAL DE SAO VICENTE","35","201905"
"6971199","HOSPITAL DIA SANTA RITA","35","201501"
"6984649","BP HOSPITAL FILANTROPICO","35","201905"
"6992560","AME AMBULATORIO MEDICO DE ESPECIALIDADES JUNDIAI","35","201905"
"6998178","HOSPITAL DIA DA REDE HORA CERTA CAMPO LIMPO","35","201905"
"6998194","HOSPITAL DIA DA REDE HORA CERTA LAPA","35","201905"
"6998704","COMPLEXO HOSPITALAR DOS ESTIVADORES","35","201905"
"7019076","HOSPITAL DIA DA REDE HORA CERTA BRASILANDIA FO","35","201905"
"7021461","UPA SACADURA CABRAL","35","201905"
"7030878","UPA RUDGE RAMOS","35","201408"
"7047517","UPA JARDIM SANTO ANDRE","35","201707"
"7053835","UPA ALVES DIAS ASSUNCAO","35","201408"
"7066376","HOSPITAL DE AMOR JALES","35","201905"
"7113218","UPA CENTRO","35","201609"
"7169310","UPA SILVINA","35","201408"
"7188676","AME AMBULATORIO MEDICO DE ESPECIALIDADES DE OURINHOS","35","201905"
"7210094","HOSPITAL MUNICIPAL DE CONCHAS","35","201902"
"7228163","PRONTO SOCORRO CENTRAL","35","201905"
"7299532","UPH LESTE UNIDADE PRE HOSPITALAR ZONA LESTE SOROCABA","35","201901"
"7320175","HOSPITAL SAO MIGUEL ARCANJO","35","201905"
"7327021","HOSPITAL OFTALMOLOGICO SOROCABA UNID OTORRINOLARINGOLOGIA","35","201505"
"7371349","HOSPITAL DR OLAVO HORNEAUX DE MOURA SAO VICENTE","35","201905"
"7373465","HOSPITAL DE CLINICAS MUNICIPAL","35","201905"
"7378394","HOSPITAL DIA DA REDE HORA CERTA M BOI MIRIM II","35","201812"
"7385978","HOSPITAL DIA LAPA CIES","35","201905"
"7420595","HOSPITAL DE RETAGUARDA FRANCISCO DE ASSIS RIBEIRAO PRETO","35","201810"
"7473702","HOSP MUN DE MOGI DAS CRUZES PREF WALDEMAR COSTA FILHO","35","201905"
"7544529","INST DE INFECT EMILIO RIBAS II BAIXADA SANTISTA","35","201905"
"7572468","INSTITUTO DA VISAO","35","201905"
"7573162","HOSPITAL REGIONAL DE JUNDIAI","35","201905"
"7580770","HOSPITAL ESTADUAL DE CAIEIRAS","35","201905"
"7603274","HOSPITAL SAO JOSE","35","201905"
"7615280","CANTINHO DO CEU RIBEIRAO PRETO","35","201905"
"7682581","PS JOSE IBRAHIN","35","201905"
"7684452","HOL SERVICOS MEDICOS OFTALMOLOGICOS SS LIMEIRA","35","201905"
"7711980","HOSP MUN GILSON DE CASSIA MARQUES DE CARVALHO","35","201905"
"7947984","COMPLEXO MUNICIPAL DE SAUDE","35","201905"
"7979649","HOSPITAL DIA DA REDE HORA CERTA VILA GUILHERME VILA MARIA","35","201905"
"7992890","HOSPITAL DIA REDE HORA CERTA DA CAPELA DO SOCORRO","35","201905"
"8002959","UNIDADE MISTA DE ATENDIMENTO A SAUDE DE LUIZIANIA","35","201508"
"8005877","HOSPITAL SAO MARCOS JABOTICABAL","35","201905"
"9232141","AME AMB MEDICO DE ESP FRANCESCO LEONARDO BEIRA DE AMPARO","35","201905"
"9265732","CIES GLOBAL SOROCABA","35","201806"
"9403345","CIES GLOBAL III","35","201901"
"9404236","CIES GLOBAL II","35","201809"
"9425802","HOSPITAL REGIONAL DE PIRACICABA","35","201905"
"9491112","HOSPITAL REGIONAL DE SOROCABA","35","201905"
"9491252","DR RUBENS SAVASTANO HOSPITAL REGIONAL DE SAO JOSE DOS CAMPOS","35","201905"
"9556095","HOSPITAL REGIONAL DE REGISTRO REGISTRO","35","201905"
"9580743","AME SAO VICENTE","35","201905"
"9677011","HOSPITAL E MATERNIDADE MUNICIPAL N S DO MONTE SERRAT","35","201902"
"9680500","AHBB","35","201905"
